Run,ReleaseDate,LoadDate,spots,bases,spots_with_mates,avgLength,size_MB,AssemblyName,download_path,Experiment,LibraryName,LibraryStrategy,LibrarySelection,LibrarySource,LibraryLayout,InsertSize,InsertDev,Platform,Model,SRAStudy,BioProject,Study_Pubmed_id,ProjectID,Sample,BioSample,SampleType,TaxID,ScientificName,SampleName,g1k_pop_code,source,g1k_analysis_group,Subject_ID,Sex,Disease,Tumor,Affection_Status,Analyte_Type,Histological_Type,Body_Site,CenterName,Submission,dbgap_study_accession,Consent,RunHash,ReadHash
SRR5940850,2018-02-20 00:08:05,2017-08-17 03:14:59,168307,101192293,168307,601,56,,https://sra-downloadb.be-md.ncbi.nlm.nih.gov/sos12/sra-pub-zq-1214/SRR005/940/SRR5940850.sralite.1,SRX3099468,3002.D8,AMPLICON,PCR,METAGENOMIC,PAIRED,0,0,ILLUMINA,Illumina MiSeq,SRP115591,PRJNA398590,2,398590,SRS2435508,SAMN07513504,simple,1632839,human vaginal metagenome,3002.D8,,,,,,,no,,,,,MURDOCH CHILDRENS RESEARCH INSTITUTE,SRA599826,,public,A39FC3D572147E4680C9A62F1410FA2C,FA8FD153983D7EEA88106D371880BB27
SRR5940851,2018-02-20 00:08:05,2017-08-17 03:14:58,29151,17535968,29151,601,10,,https://sra-downloadb.be-md.ncbi.nlm.nih.gov/sos12/sra-pub-zq-1214/SRR005/940/SRR5940851.sralite.1,SRX3099467,3003.D0,AMPLICON,PCR,METAGENOMIC,PAIRED,0,0,ILLUMINA,Illumina MiSeq,SRP115591,PRJNA398590,2,398590,SRS2435507,SAMN07513505,simple,1632839,human vaginal metagenome,3003.D0,,,,,,,no,,,,,MURDOCH CHILDRENS RESEARCH INSTITUTE,SRA599826,,public,AF699E3A2ABF74236752FA38E6F20A62,8C5620543D5C4D54DB0BD90C75DAE265
SRR5940838,2018-02-20 00:08:05,2017-08-17 03:15:02,34872,20984643,34872,601,11,,https://sra-downloadb.be-md.ncbi.nlm.nih.gov/sos12/sra-pub-zq-1214/SRR005/940/SRR5940838.sralite.1,SRX3099480,3003.D28,AMPLICON,PCR,METAGENOMIC,PAIRED,0,0,ILLUMINA,Illumina MiSeq,SRP115591,PRJNA398590,2,398590,SRS2435520,SAMN07513506,simple,1632839,human vaginal metagenome,3003.D28,,,,,,,no,,,,,MURDOCH CHILDRENS RESEARCH INSTITUTE,SRA599826,,public,47F8B44180FA7F8254EFAB16EE353B88,2CB58A3A63D798AD6286B9F955274C08
SRR5940847,2018-02-20 00:08:05,2017-08-17 03:14:54,133882,80321394,133882,599,45,,https://sra-downloadb.be-md.ncbi.nlm.nih.gov/sos12/sra-pub-zq-1214/SRR005/940/SRR5940847.sralite.1,SRX3099471,3003.D8,AMPLICON,PCR,METAGENOMIC,PAIRED,0,0,ILLUMINA,Illumina MiSeq,SRP115591,PRJNA398590,2,398590,SRS2435511,SAMN07513507,simple,1632839,human vaginal metagenome,3003.D8,,,,,,,no,,,,,MURDOCH CHILDRENS RESEARCH INSTITUTE,SRA599826,,public,25B9A3A6B1062A7E957E62C7348108AF,C9D855ABAC00E8653298E4F4605C2DC1
SRR5940857,2018-02-20 00:08:05,2017-08-17 03:15:02,37818,22732429,37818,601,13,,https://sra-downloadb.be-md.ncbi.nlm.nih.gov/sos12/sra-pub-zq-1214/SRR005/940/SRR5940857.sralite.1,SRX3099461,3009.D0,AMPLICON,PCR,METAGENOMIC,PAIRED,0,0,ILLUMINA,Illumina MiSeq,SRP115591,PRJNA398590,2,398590,SRS2435501,SAMN07513523,simple,1632839,human vaginal metagenome,3009.D0,,,,,,,no,,,,,MURDOCH CHILDRENS RESEARCH INSTITUTE,SRA599826,,public,8EFC0F57DA8DC15B9427E9FA4EE96DD9,C8F17AF8D45E1E9DAA268A6EDFF66F8E
SRR5940856,2018-02-20 00:08:05,2017-08-17 03:15:00,29685,17839850,29685,600,10,,https://sra-downloadb.be-md.ncbi.nlm.nih.gov/sos12/sra-pub-zq-1214/SRR005/940/SRR5940856.sralite.1,SRX3099462,3009.D14,AMPLICON,PCR,METAGENOMIC,PAIRED,0,0,ILLUMINA,Illumina MiSeq,SRP115591,PRJNA398590,2,398590,SRS2435502,SAMN07513524,simple,1632839,human vaginal metagenome,3009.D14,,,,,,,no,,,,,MURDOCH CHILDRENS RESEARCH INSTITUTE,SRA599826,,public,998A3DF91017C778BED926B15E955A9D,9C2027BF3FC4092EC95E8590FF13E222
SRR5940855,2018-02-20 00:08:05,2017-08-17 03:14:41,10227,5795756,10227,566,3,,https://sra-downloadb.be-md.ncbi.nlm.nih.gov/sos12/sra-pub-zq-1214/SRR005/940/SRR5940855.sralite.1,SRX3099463,3009.D28,AMPLICON,PCR,METAGENOMIC,PAIRED,0,0,ILLUMINA,Illumina MiSeq,SRP115591,PRJNA398590,2,398590,SRS2435503,SAMN07513525,simple,1632839,human vaginal metagenome,3009.D28,,,,,,,no,,,,,MURDOCH CHILDRENS RESEARCH INSTITUTE,SRA599826,,public,7B0EACA41EB6658BFFDFCE23F428CF2E,6F098B9F6703B0C3B836CA96D992A4BD
SRR5940854,2018-02-20 00:08:05,2017-08-17 03:14:57,41183,24756323,41183,601,14,,https://sra-downloadb.be-md.ncbi.nlm.nih.gov/sos12/sra-pub-zq-1214/SRR005/940/SRR5940854.sralite.1,SRX3099464,3009.D8,AMPLICON,PCR,METAGENOMIC,PAIRED,0,0,ILLUMINA,Illumina MiSeq,SRP115591,PRJNA398590,2,398590,SRS2435504,SAMN07513526,simple,1632839,human vaginal metagenome,3009.D8,,,,,,,no,,,,,MURDOCH CHILDRENS RESEARCH INSTITUTE,SRA599826,,public,E85CEC9EEDF8D72A62F8E70E0DE30859,A2C8376622C147532BFBF0DE617B2E55
SRR5940853,2018-02-20 00:08:05,2017-08-17 03:15:12,44614,26845608,44614,601,15,,https://sra-downloadb.be-md.ncbi.nlm.nih.gov/sos12/sra-pub-zq-1214/SRR005/940/SRR5940853.sralite.1,SRX3099465,3010.D0,AMPLICON,PCR,METAGENOMIC,PAIRED,0,0,ILLUMINA,Illumina MiSeq,SRP115591,PRJNA398590,2,398590,SRS2435505,SAMN07513527,simple,1632839,human vaginal metagenome,3010.D0,,,,,,,no,,,,,MURDOCH CHILDRENS RESEARCH INSTITUTE,SRA599826,,public,BAD45D575466E32F7C582D1578DBC74C,57A19913537D1371CB2B13FEF012ECD9
SRR5940829,2018-02-20 00:08:05,2017-08-17 03:14:04,27828,16729623,27828,601,9,,https://sra-downloadb.be-md.ncbi.nlm.nih.gov/sos12/sra-pub-zq-1214/SRR005/940/SRR5940829.sralite.1,SRX3099489,3010.D8,AMPLICON,PCR,METAGENOMIC,PAIRED,0,0,ILLUMINA,Illumina MiSeq,SRP115591,PRJNA398590,2,398590,SRS2435529,SAMN07513529,simple,1632839,human vaginal metagenome,3010.D8,,,,,,,no,,,,,MURDOCH CHILDRENS RESEARCH INSTITUTE,SRA599826,,public,48EF87FD5C60F809F721AACC6A03F166,3D946D3A6DA39F3D94AFC292D6274EAA
SRR5940809,2018-02-20 00:08:06,2017-08-17 03:13:43,30531,18366051,30531,601,10,,https://sra-downloadb.be-md.ncbi.nlm.nih.gov/sos12/sra-pub-zq-1214/SRR005/940/SRR5940809.sralite.1,SRX3099509,3014.D8,AMPLICON,PCR,METAGENOMIC,PAIRED,0,0,ILLUMINA,Illumina MiSeq,SRP115591,PRJNA398590,2,398590,SRS2435549,SAMN07513540,simple,1632839,human vaginal metagenome,3014.D8,,,,,,,no,,,,,MURDOCH CHILDRENS RESEARCH INSTITUTE,SRA599826,,public,293696D06DCAF6FE5E92404B124B755D,98FFE7770479281144B2B0BE39C654D0
SRR5940808,2018-02-20 00:08:06,2017-08-17 03:13:44,130221,78239674,130221,600,44,,https://sra-downloadb.be-md.ncbi.nlm.nih.gov/sos12/sra-pub-zq-1214/SRR005/940/SRR5940808.sralite.1,SRX3099510,3015.D0,AMPLICON,PCR,METAGENOMIC,PAIRED,0,0,ILLUMINA,Illumina MiSeq,SRP115591,PRJNA398590,2,398590,SRS2435550,SAMN07513541,simple,1632839,human vaginal metagenome,3015.D0,,,,,,,no,,,,,MURDOCH CHILDRENS RESEARCH INSTITUTE,SRA599826,,public,7BA46195C9E07DC40B458CFA214D780D,70B53A9407843E3D25CA5EA118606779
SRR5940811,2018-02-20 00:08:06,2017-08-17 03:14:02,121913,73250743,121913,600,40,,https://sra-downloadb.be-md.ncbi.nlm.nih.gov/sos12/sra-pub-zq-1214/SRR005/940/SRR5940811.sralite.1,SRX3099507,3015.D28,AMPLICON,PCR,METAGENOMIC,PAIRED,0,0,ILLUMINA,Illumina MiSeq,SRP115591,PRJNA398590,2,398590,SRS2435547,SAMN07513542,simple,1632839,human vaginal metagenome,3015.D28,,,,,,,no,,,,,MURDOCH CHILDRENS RESEARCH INSTITUTE,SRA599826,,public,45ED8F52B3E3AD6D82A52B7FCFF8149F,A573BCD909B15097C53B8F0BAA5EFE4F
SRR5940810,2018-02-20 00:08:06,2017-08-17 03:14:05,109018,65506835,109018,600,36,,https://sra-downloadb.be-md.ncbi.nlm.nih.gov/sos12/sra-pub-zq-1214/SRR005/940/SRR5940810.sralite.1,SRX3099508,3015.D8,AMPLICON,PCR,METAGENOMIC,PAIRED,0,0,ILLUMINA,Illumina MiSeq,SRP115591,PRJNA398590,2,398590,SRS2435548,SAMN07513543,simple,1632839,human vaginal metagenome,3015.D8,,,,,,,no,,,,,MURDOCH CHILDRENS RESEARCH INSTITUTE,SRA599826,,public,003D383A935184D6C0415978C0BD483F,DFA3F49E0E57529CB160011DCD12AE70
SRR5940813,2018-02-20 00:08:06,2017-08-17 03:13:55,29045,17470689,29045,601,10,,https://sra-downloadb.be-md.ncbi.nlm.nih.gov/sos12/sra-pub-zq-1214/SRR005/940/SRR5940813.sralite.1,SRX3099505,3017.D0,AMPLICON,PCR,METAGENOMIC,PAIRED,0,0,ILLUMINA,Illumina MiSeq,SRP115591,PRJNA398590,2,398590,SRS2435545,SAMN07513544,simple,1632839,human vaginal metagenome,3017.D0,,,,,,,no,,,,,MURDOCH CHILDRENS RESEARCH INSTITUTE,SRA599826,,public,413A679CC94647D11E48134AF9B72E2D,BAC3729FE36C1DA733256B8375DBBD61
SRR5940812,2018-02-20 00:08:06,2017-08-17 03:13:55,40152,24153440,40152,601,13,,https://sra-downloadb.be-md.ncbi.nlm.nih.gov/sos12/sra-pub-zq-1214/SRR005/940/SRR5940812.sralite.1,SRX3099506,3017.D14,AMPLICON,PCR,METAGENOMIC,PAIRED,0,0,ILLUMINA,Illumina MiSeq,SRP115591,PRJNA398590,2,398590,SRS2435546,SAMN07513545,simple,1632839,human vaginal metagenome,3017.D14,,,,,,,no,,,,,MURDOCH CHILDRENS RESEARCH INSTITUTE,SRA599826,,public,DBFB6FC6382001D6128CDAA8E9730808,9082DBE3658BA40092CBEF09BAB26F32
SRR5940815,2018-02-20 00:08:06,2017-08-17 03:13:58,35856,21507134,35856,599,12,,https://sra-downloadb.be-md.ncbi.nlm.nih.gov/sos12/sra-pub-zq-1214/SRR005/940/SRR5940815.sralite.1,SRX3099503,3017.D21,AMPLICON,PCR,METAGENOMIC,PAIRED,0,0,ILLUMINA,Illumina MiSeq,SRP115591,PRJNA398590,2,398590,SRS2435543,SAMN07513546,simple,1632839,human vaginal metagenome,3017.D21,,,,,,,no,,,,,MURDOCH CHILDRENS RESEARCH INSTITUTE,SRA599826,,public,3B7B2F1954E9A0D6D771B40F80B965BD,9777D3603B28178EA719908A15BFC9FF
SRR5940814,2018-02-20 00:08:06,2017-08-17 03:14:01,32969,19818834,32969,601,11,,https://sra-downloadb.be-md.ncbi.nlm.nih.gov/sos12/sra-pub-zq-1214/SRR005/940/SRR5940814.sralite.1,SRX3099504,3017.D28,AMPLICON,PCR,METAGENOMIC,PAIRED,0,0,ILLUMINA,Illumina MiSeq,SRP115591,PRJNA398590,2,398590,SRS2435544,SAMN07513547,simple,1632839,human vaginal metagenome,3017.D28,,,,,,,no,,,,,MURDOCH CHILDRENS RESEARCH INSTITUTE,SRA599826,,public,6FE9C4805921CAECD984644A565324AE,27CE2A84F8A94895E4022EEBB398DE4B
SRR5940817,2018-02-20 00:08:06,2017-08-17 03:14:01,27731,16677503,27731,601,9,,https://sra-downloadb.be-md.ncbi.nlm.nih.gov/sos12/sra-pub-zq-1214/SRR005/940/SRR5940817.sralite.1,SRX3099501,3017.D8,AMPLICON,PCR,METAGENOMIC,PAIRED,0,0,ILLUMINA,Illumina MiSeq,SRP115591,PRJNA398590,2,398590,SRS2435540,SAMN07513548,simple,1632839,human vaginal metagenome,3017.D8,,,,,,,no,,,,,MURDOCH CHILDRENS RESEARCH INSTITUTE,SRA599826,,public,EDA2B6D705E68BFA52A2FA8A2A436DFA,00D01BDA32297F413555FDC2249DFBE9
SRR5940816,2018-02-20 00:08:06,2017-08-17 03:13:58,38795,23354590,38795,602,14,,https://sra-downloadb.be-md.ncbi.nlm.nih.gov/sos12/sra-pub-zq-1214/SRR005/940/SRR5940816.sralite.1,SRX3099502,3018.D0,AMPLICON,PCR,METAGENOMIC,PAIRED,0,0,ILLUMINA,Illumina MiSeq,SRP115591,PRJNA398590,2,398590,SRS2435542,SAMN07513549,simple,1632839,human vaginal metagenome,3018.D0,,,,,,,no,,,,,MURDOCH CHILDRENS RESEARCH INSTITUTE,SRA599826,,public,7B6705977FE861689F712E0F946A9683,95CEA88EA74EAB37FFE0A8F23213054C
SRR5940830,2018-02-20 00:08:05,2017-08-17 03:14:09,47058,28328916,47058,602,17,,https://sra-downloadb.be-md.ncbi.nlm.nih.gov/sos12/sra-pub-zq-1214/SRR005/940/SRR5940830.sralite.1,SRX3099488,3020.D0,AMPLICON,PCR,METAGENOMIC,PAIRED,0,0,ILLUMINA,Illumina MiSeq,SRP115591,PRJNA398590,2,398590,SRS2435528,SAMN07513550,simple,1632839,human vaginal metagenome,3020.D0,,,,,,,no,,,,,MURDOCH CHILDRENS RESEARCH INSTITUTE,SRA599826,,public,85A6B851393976E600D030E0AF86433D,F52268B76742BDDF2B1BD8A3039CD6DF
SRR5940831,2018-02-20 00:08:05,2017-08-17 03:14:21,35749,21520898,35749,602,13,,https://sra-downloadb.be-md.ncbi.nlm.nih.gov/sos12/sra-pub-zq-1214/SRR005/940/SRR5940831.sralite.1,SRX3099487,3020.D8,AMPLICON,PCR,METAGENOMIC,PAIRED,0,0,ILLUMINA,Illumina MiSeq,SRP115591,PRJNA398590,2,398590,SRS2435527,SAMN07513551,simple,1632839,human vaginal metagenome,3020.D8,,,,,,,no,,,,,MURDOCH CHILDRENS RESEARCH INSTITUTE,SRA599826,,public,111833FF4EE7134B7B3AB18A017BC10C,E114FC3750138894302B1D9374ECA35E
SRR5940828,2018-02-20 00:08:05,2017-08-17 03:14:03,43588,26239976,43588,602,16,,https://sra-downloadb.be-md.ncbi.nlm.nih.gov/sos12/sra-pub-zq-1214/SRR005/940/SRR5940828.sralite.1,SRX3099490,3022.D0,AMPLICON,PCR,METAGENOMIC,PAIRED,0,0,ILLUMINA,Illumina MiSeq,SRP115591,PRJNA398590,2,398590,SRS2435530,SAMN07513552,simple,1632839,human vaginal metagenome,3022.D0,,,,,,,no,,,,,MURDOCH CHILDRENS RESEARCH INSTITUTE,SRA599826,,public,8BE9AC67BCFA56AD6E46660B6A5DC201,BCBC71883076130FF34E339FF83EB89C
SRR5940834,2018-02-20 00:08:05,2017-08-17 03:14:35,34389,20702178,34389,602,12,,https://sra-downloadb.be-md.ncbi.nlm.nih.gov/sos12/sra-pub-zq-1214/SRR005/940/SRR5940834.sralite.1,SRX3099484,3022.D8,AMPLICON,PCR,METAGENOMIC,PAIRED,0,0,ILLUMINA,Illumina MiSeq,SRP115591,PRJNA398590,2,398590,SRS2435524,SAMN07513554,simple,1632839,human vaginal metagenome,3022.D8,,,,,,,no,,,,,MURDOCH CHILDRENS RESEARCH INSTITUTE,SRA599826,,public,2CF1837E8E00A0FC0890E2104E25996C,EDEFEEC5D1205210E2091D39E3C6F1AE
SRR5940835,2018-02-20 00:08:05,2017-08-17 03:14:30,36575,22018150,36575,602,13,,https://sra-downloadb.be-md.ncbi.nlm.nih.gov/sos12/sra-pub-zq-1214/SRR005/940/SRR5940835.sralite.1,SRX3099483,3023.D0,AMPLICON,PCR,METAGENOMIC,PAIRED,0,0,ILLUMINA,Illumina MiSeq,SRP115591,PRJNA398590,2,398590,SRS2435523,SAMN07513555,simple,1632839,human vaginal metagenome,3023.D0,,,,,,,no,,,,,MURDOCH CHILDRENS RESEARCH INSTITUTE,SRA599826,,public,E141210EC0D2A34BEEE44F8CB2DDE2BF,D29F95DB2EC109CAB306EA9D139783AD
SRR5940832,2018-02-20 00:08:05,2017-08-17 03:14:21,35565,21410130,35565,602,13,,https://sra-downloadb.be-md.ncbi.nlm.nih.gov/sos12/sra-pub-zq-1214/SRR005/940/SRR5940832.sralite.1,SRX3099486,3023.D28,AMPLICON,PCR,METAGENOMIC,PAIRED,0,0,ILLUMINA,Illumina MiSeq,SRP115591,PRJNA398590,2,398590,SRS2435526,SAMN07513556,simple,1632839,human vaginal metagenome,3023.D28,,,,,,,no,,,,,MURDOCH CHILDRENS RESEARCH INSTITUTE,SRA599826,,public,2DD2FBB9C0882AC95AAB1E327175F90C,08AAC58E1DC42B2F8A59CBB0F6B3160F
SRR5940833,2018-02-20 00:08:05,2017-08-17 03:14:25,35942,21637084,35942,602,13,,https://sra-downloadb.be-md.ncbi.nlm.nih.gov/sos12/sra-pub-zq-1214/SRR005/940/SRR5940833.sralite.1,SRX3099485,3023.D8,AMPLICON,PCR,METAGENOMIC,PAIRED,0,0,ILLUMINA,Illumina MiSeq,SRP115591,PRJNA398590,2,398590,SRS2435525,SAMN07513557,simple,1632839,human vaginal metagenome,3023.D8,,,,,,,no,,,,,MURDOCH CHILDRENS RESEARCH INSTITUTE,SRA599826,,public,77EB8A13AEC722386CC23934CC7DFB9C,E5E30D4655ED8F5101E76CEE069DC1C7
SRR5940836,2018-02-20 00:08:05,2017-08-17 03:14:33,68815,41426630,68815,602,25,,https://sra-downloadb.be-md.ncbi.nlm.nih.gov/sos12/sra-pub-zq-1214/SRR005/940/SRR5940836.sralite.1,SRX3099482,3024.D0,AMPLICON,PCR,METAGENOMIC,PAIRED,0,0,ILLUMINA,Illumina MiSeq,SRP115591,PRJNA398590,2,398590,SRS2435522,SAMN07513558,simple,1632839,human vaginal metagenome,3024.D0,,,,,,,no,,,,,MURDOCH CHILDRENS RESEARCH INSTITUTE,SRA599826,,public,AA301C01B8F342AC0A2CE5A2EC84E51C,D9D0FDD4C08890AD6432B6CA70FD64EE
SRR5940837,2018-02-20 00:08:05,2017-08-17 03:14:31,26742,16098684,26742,602,10,,https://sra-downloadb.be-md.ncbi.nlm.nih.gov/sos12/sra-pub-zq-1214/SRR005/940/SRR5940837.sralite.1,SRX3099481,3025.D0,AMPLICON,PCR,METAGENOMIC,PAIRED,0,0,ILLUMINA,Illumina MiSeq,SRP115591,PRJNA398590,2,398590,SRS2435521,SAMN07513559,simple,1632839,human vaginal metagenome,3025.D0,,,,,,,no,,,,,MURDOCH CHILDRENS RESEARCH INSTITUTE,SRA599826,,public,EA740700069D089FC1B6AAE4144993C5,71A12A8AC9ACC958B51174882CF8A29C
SRR5940852,2018-02-20 00:08:05,2017-08-17 03:14:43,30744,18496752,30744,601,12,,https://sra-downloadb.be-md.ncbi.nlm.nih.gov/sos12/sra-pub-zq-1214/SRR005/940/SRR5940852.sralite.1,SRX3099466,4012.D28.S,AMPLICON,PCR,METAGENOMIC,PAIRED,0,0,ILLUMINA,Illumina MiSeq,SRP115591,PRJNA398590,2,398590,SRS2435506,SAMN07513601,simple,539655,human skin metagenome,4012.D28.S,,,,,,,no,,,,,MURDOCH CHILDRENS RESEARCH INSTITUTE,SRA599826,,public,3A88EF6ADD3C88A114995554171149FA,5DB15BE8E1B5DE5049EF9ABE01FA9477
SRR5940845,2018-02-20 00:08:05,2017-08-17 03:14:39,27456,16528512,27456,602,10,,https://sra-downloadb.be-md.ncbi.nlm.nih.gov/sos12/sra-pub-zq-1214/SRR005/940/SRR5940845.sralite.1,SRX3099473,4014.D28.S.D,AMPLICON,PCR,METAGENOMIC,PAIRED,0,0,ILLUMINA,Illumina MiSeq,SRP115591,PRJNA398590,2,398590,SRS2435513,SAMN07513610,simple,539655,human skin metagenome,4014.D28.S,,,,,,,no,,,,,MURDOCH CHILDRENS RESEARCH INSTITUTE,SRA599826,,public,20D56B967D5EF4BA2F5087738D67D0B3,7D576015CE7E7CAC47785FF695EC108E
SRR5940846,2018-02-20 00:08:05,2017-08-17 03:14:33,15836,9533272,15836,602,5,,https://sra-downloadb.be-md.ncbi.nlm.nih.gov/sos12/sra-pub-zq-1214/SRR005/940/SRR5940846.sralite.1,SRX3099472,4014.D8.S,AMPLICON,PCR,METAGENOMIC,PAIRED,0,0,ILLUMINA,Illumina MiSeq,SRP115591,PRJNA398590,2,398590,SRS2435512,SAMN07513611,simple,539655,human skin metagenome,4014.D8.S,,,,,,,no,,,,,MURDOCH CHILDRENS RESEARCH INSTITUTE,SRA599826,,public,C45C22B756764C0644AD90A5E9CD31D5,3B8CE5135BF005B2C6C2883FB852C18C
SRR5940843,2018-02-20 00:08:05,2017-08-17 03:14:35,35993,21657308,35993,601,12,,https://sra-downloadb.be-md.ncbi.nlm.nih.gov/sos12/sra-pub-zq-1214/SRR005/940/SRR5940843.sralite.1,SRX3099475,4014.D8.U,AMPLICON,PCR,METAGENOMIC,PAIRED,0,0,ILLUMINA,Illumina MiSeq,SRP115591,PRJNA398590,2,398590,SRS2435515,SAMN07513612,simple,646099,human metagenome,4014.D8.U,,,,,,,no,,,,,MURDOCH CHILDRENS RESEARCH INSTITUTE,SRA599826,,public,FC3A6221C3E3A6715493BF1BFABC5746,6EBF6E91879A34322A119E1CE61DDB23
SRR5940844,2018-02-20 00:08:05,2017-08-17 03:14:44,139258,83718152,139258,601,47,,https://sra-downloadb.be-md.ncbi.nlm.nih.gov/sos12/sra-pub-zq-1214/SRR005/940/SRR5940844.sralite.1,SRX3099474,4015.D0.S,AMPLICON,PCR,METAGENOMIC,PAIRED,0,0,ILLUMINA,Illumina MiSeq,SRP115591,PRJNA398590,2,398590,SRS2435514,SAMN07513613,simple,539655,human skin metagenome,4015.D0.S,,,,,,,no,,,,,MURDOCH CHILDRENS RESEARCH INSTITUTE,SRA599826,,public,B5D8B1146FAAFCE0EA1B1C09D0402D37,F1AF2E6B87F15037FAEB5F2D282CB409
SRR5940841,2018-02-20 00:08:05,2017-08-17 03:14:37,31827,19159854,31827,602,11,,https://sra-downloadb.be-md.ncbi.nlm.nih.gov/sos12/sra-pub-zq-1214/SRR005/940/SRR5940841.sralite.1,SRX3099477,4015.D28.S,AMPLICON,PCR,METAGENOMIC,PAIRED,0,0,ILLUMINA,Illumina MiSeq,SRP115591,PRJNA398590,2,398590,SRS2435517,SAMN07513614,simple,539655,human skin metagenome,4015.D28.S,,,,,,,no,,,,,MURDOCH CHILDRENS RESEARCH INSTITUTE,SRA599826,,public,52082B49D11B21EE5E1A45272D7A2D3F,A88D9AB713FD2598EE30E5D342EE89F1
SRR5940842,2018-02-20 00:08:05,2017-08-17 03:14:38,41159,24777718,41159,602,14,,https://sra-downloadb.be-md.ncbi.nlm.nih.gov/sos12/sra-pub-zq-1214/SRR005/940/SRR5940842.sralite.1,SRX3099476,4015.D8.S,AMPLICON,PCR,METAGENOMIC,PAIRED,0,0,ILLUMINA,Illumina MiSeq,SRP115591,PRJNA398590,2,398590,SRS2435516,SAMN07513615,simple,539655,human skin metagenome,4015.D8.S,,,,,,,no,,,,,MURDOCH CHILDRENS RESEARCH INSTITUTE,SRA599826,,public,5BF1A1110FC9BD7C6AE500DE6D0CD960,4998FD27593163E94434278C1F40CA8A
SRR5940839,2018-02-20 00:08:05,2017-08-17 03:14:41,37579,22607859,37579,601,12,,https://sra-downloadb.be-md.ncbi.nlm.nih.gov/sos12/sra-pub-zq-1214/SRR005/940/SRR5940839.sralite.1,SRX3099479,4017.D0.S,AMPLICON,PCR,METAGENOMIC,PAIRED,0,0,ILLUMINA,Illumina MiSeq,SRP115591,PRJNA398590,2,398590,SRS2435519,SAMN07513616,simple,539655,human skin metagenome,4017.D0.S,,,,,,,no,,,,,MURDOCH CHILDRENS RESEARCH INSTITUTE,SRA599826,,public,118394F6F00F27262349C243088F9C72,3EEF28511DA65F86F763751E18272756
SRR5940840,2018-02-20 00:08:05,2017-08-17 03:14:37,39564,23807450,39564,601,13,,https://sra-downloadb.be-md.ncbi.nlm.nih.gov/sos12/sra-pub-zq-1214/SRR005/940/SRR5940840.sralite.1,SRX3099478,4017.D14.S,AMPLICON,PCR,METAGENOMIC,PAIRED,0,0,ILLUMINA,Illumina MiSeq,SRP115591,PRJNA398590,2,398590,SRS2435518,SAMN07513617,simple,539655,human skin metagenome,4017.D14.S,,,,,,,no,,,,,MURDOCH CHILDRENS RESEARCH INSTITUTE,SRA599826,,public,682BD4AB746EC0A82699BEF417A152A6,2F85BE0F52C91516CF3B47E5D5082C59
SRR5940848,2018-02-20 00:08:05,2017-08-17 03:15:19,35800,21542037,35800,601,12,,https://sra-downloadb.be-md.ncbi.nlm.nih.gov/sos12/sra-pub-zq-1214/SRR005/940/SRR5940848.sralite.1,SRX3099470,4017.D21.S,AMPLICON,PCR,METAGENOMIC,PAIRED,0,0,ILLUMINA,Illumina MiSeq,SRP115591,PRJNA398590,2,398590,SRS2435510,SAMN07513618,simple,539655,human skin metagenome,4017.D21.S,,,,,,,no,,,,,MURDOCH CHILDRENS RESEARCH INSTITUTE,SRA599826,,public,82C9E7F859D92249699169E069F1863A,8C87E21E652D9D9C36B0FF1646E2B651
SRR5940849,2018-02-20 00:08:05,2017-08-17 03:14:43,43955,26449378,43955,601,15,,https://sra-downloadb.be-md.ncbi.nlm.nih.gov/sos12/sra-pub-zq-1214/SRR005/940/SRR5940849.sralite.1,SRX3099469,4017.D28.S,AMPLICON,PCR,METAGENOMIC,PAIRED,0,0,ILLUMINA,Illumina MiSeq,SRP115591,PRJNA398590,2,398590,SRS2435509,SAMN07513619,simple,539655,human skin metagenome,4017.D28.S,,,,,,,no,,,,,MURDOCH CHILDRENS RESEARCH INSTITUTE,SRA599826,,public,D5036169FAC6A4C6C714DC94B63D4531,F2B01A402B6257EF4025C2387105DD1F
SRR5940823,2018-02-20 00:08:06,2017-08-17 03:14:02,36939,22227384,36939,601,12,,https://sra-downloadb.be-md.ncbi.nlm.nih.gov/sos12/sra-pub-zq-1214/SRR005/940/SRR5940823.sralite.1,SRX3099495,4017.D8.S,AMPLICON,PCR,METAGENOMIC,PAIRED,0,0,ILLUMINA,Illumina MiSeq,SRP115591,PRJNA398590,2,398590,SRS2435535,SAMN07513620,simple,539655,human skin metagenome,4017.D8.S,,,,,,,no,,,,,MURDOCH CHILDRENS RESEARCH INSTITUTE,SRA599826,,public,2FC2E0B8832B15CA027BE9E139214A49,C3E0F9247FEC0BC2A36F5C84A1D58178
SRR5940822,2018-02-20 00:08:06,2017-08-17 03:14:05,29092,17506233,29092,601,9,,https://sra-downloadb.be-md.ncbi.nlm.nih.gov/sos12/sra-pub-zq-1214/SRR005/940/SRR5940822.sralite.1,SRX3099496,4017.D8.U,AMPLICON,PCR,METAGENOMIC,PAIRED,0,0,ILLUMINA,Illumina MiSeq,SRP115591,PRJNA398590,2,398590,SRS2435536,SAMN07513621,simple,646099,human metagenome,4017.D8.U,,,,,,,no,,,,,MURDOCH CHILDRENS RESEARCH INSTITUTE,SRA599826,,public,81685C6A9E1DAC6132A13FFE8DDC6125,7530159E60C03960656EE2E114CC2299
SRR5940821,2018-02-20 00:08:06,2017-08-17 03:14:08,45686,27502972,45686,602,17,,https://sra-downloadb.be-md.ncbi.nlm.nih.gov/sos12/sra-pub-zq-1214/SRR005/940/SRR5940821.sralite.1,SRX3099497,4018.D0.S,AMPLICON,PCR,METAGENOMIC,PAIRED,0,0,ILLUMINA,Illumina MiSeq,SRP115591,PRJNA398590,2,398590,SRS2435538,SAMN07513622,simple,539655,human skin metagenome,4018.D0.S,,,,,,,no,,,,,MURDOCH CHILDRENS RESEARCH INSTITUTE,SRA599826,,public,DFF6B5EFDF6E125149B804F452CC2C20,E5C350F1107C57B87D3D4A37752688B7
SRR5940820,2018-02-20 00:08:06,2017-08-17 03:13:59,42256,25438112,42256,602,15,,https://sra-downloadb.be-md.ncbi.nlm.nih.gov/sos12/sra-pub-zq-1214/SRR005/940/SRR5940820.sralite.1,SRX3099498,4020.D0.S,AMPLICON,PCR,METAGENOMIC,PAIRED,0,0,ILLUMINA,Illumina MiSeq,SRP115591,PRJNA398590,2,398590,SRS2435537,SAMN07513623,simple,539655,human skin metagenome,4020.D0.S,,,,,,,no,,,,,MURDOCH CHILDRENS RESEARCH INSTITUTE,SRA599826,,public,9B60DA7BAC4CC701236297C3112F4EF1,5280EF51953D57305A8D06E8C39879BB
SRR5940827,2018-02-20 00:08:05,2017-08-17 03:14:02,25177,15156554,25177,602,9,,https://sra-downloadb.be-md.ncbi.nlm.nih.gov/sos12/sra-pub-zq-1214/SRR005/940/SRR5940827.sralite.1,SRX3099491,4020.D0.U,AMPLICON,PCR,METAGENOMIC,PAIRED,0,0,ILLUMINA,Illumina MiSeq,SRP115591,PRJNA398590,2,398590,SRS2435531,SAMN07513624,simple,646099,human metagenome,4020.D0.U,,,,,,,no,,,,,MURDOCH CHILDRENS RESEARCH INSTITUTE,SRA599826,,public,DA59D26DC8C520414D3D4E4CD4B07F72,648B0FA4783E43E14F9D0A5443197609
SRR5940826,2018-02-20 00:08:05,2017-08-17 03:14:03,38867,23397934,38867,602,14,,https://sra-downloadb.be-md.ncbi.nlm.nih.gov/sos12/sra-pub-zq-1214/SRR005/940/SRR5940826.sralite.1,SRX3099492,4022.D0.S,AMPLICON,PCR,METAGENOMIC,PAIRED,0,0,ILLUMINA,Illumina MiSeq,SRP115591,PRJNA398590,2,398590,SRS2435532,SAMN07513625,simple,539655,human skin metagenome,4022.D0.S,,,,,,,no,,,,,MURDOCH CHILDRENS RESEARCH INSTITUTE,SRA599826,,public,86AB6C7226889107F53B29F923FC75A6,39C94198B515190C488B26DB89932087
SRR5940825,2018-02-20 00:08:06,2017-08-17 03:14:16,22293,13420386,22293,602,8,,https://sra-downloadb.be-md.ncbi.nlm.nih.gov/sos12/sra-pub-zq-1214/SRR005/940/SRR5940825.sralite.1,SRX3099493,4022.D0.U,AMPLICON,PCR,METAGENOMIC,PAIRED,0,0,ILLUMINA,Illumina MiSeq,SRP115591,PRJNA398590,2,398590,SRS2435533,SAMN07513626,simple,646099,human metagenome,4022.D0.U,,,,,,,no,,,,,MURDOCH CHILDRENS RESEARCH INSTITUTE,SRA599826,,public,DF5A1AEE6918DA409AC2C059F9C59134,84D98DDE828410F21726148138B2FA7D
SRR5940818,2018-02-20 00:08:06,2017-08-17 03:14:08,79185,47669370,79185,602,29,,https://sra-downloadb.be-md.ncbi.nlm.nih.gov/sos12/sra-pub-zq-1214/SRR005/940/SRR5940818.sralite.1,SRX3099500,4022.D14.S,AMPLICON,PCR,METAGENOMIC,PAIRED,0,0,ILLUMINA,Illumina MiSeq,SRP115591,PRJNA398590,2,398590,SRS2435541,SAMN07513629,simple,539655,human skin metagenome,4022.D14.S,,,,,,,no,,,,,MURDOCH CHILDRENS RESEARCH INSTITUTE,SRA599826,,public,9CB49661F27648268A0E26E129BF0143,A21A5CE7E1CD556F0B7C6C393D89462C
SRR5940824,2018-02-20 00:08:06,2017-08-17 03:13:59,28285,17027570,28285,602,10,,https://sra-downloadb.be-md.ncbi.nlm.nih.gov/sos12/sra-pub-zq-1214/SRR005/940/SRR5940824.sralite.1,SRX3099494,4022.D28.S,AMPLICON,PCR,METAGENOMIC,PAIRED,0,0,ILLUMINA,Illumina MiSeq,SRP115591,PRJNA398590,2,398590,SRS2435534,SAMN07513627,simple,539655,human skin metagenome,4022.D28.S,,,,,,,no,,,,,MURDOCH CHILDRENS RESEARCH INSTITUTE,SRA599826,,public,6E00B839C2498762EA89E2BC91352E9B,9974ACD3ACA4BACFDBAA1E68C3123586
SRR5940819,2018-02-20 00:08:06,2017-08-17 03:14:01,26727,16089654,26727,602,9,,https://sra-downloadb.be-md.ncbi.nlm.nih.gov/sos12/sra-pub-zq-1214/SRR005/940/SRR5940819.sralite.1,SRX3099499,4022.D28.U,AMPLICON,PCR,METAGENOMIC,PAIRED,0,0,ILLUMINA,Illumina MiSeq,SRP115591,PRJNA398590,2,398590,SRS2435539,SAMN07513628,simple,646099,human metagenome,4022.D28.U,,,,,,,no,,,,,MURDOCH CHILDRENS RESEARCH INSTITUTE,SRA599826,,public,6FB787BAA7F4D9B75B22E1655EB61C27,DE8DD2B464C68F2336475E9FEDA183F5
SRR5940804,2018-02-20 00:08:06,2017-08-17 03:13:04,26525,15968050,26525,602,9,,https://sra-downloadb.be-md.ncbi.nlm.nih.gov/sos12/sra-pub-zq-1214/SRR005/940/SRR5940804.sralite.1,SRX3099514,4022.D8.U,AMPLICON,PCR,METAGENOMIC,PAIRED,0,0,ILLUMINA,Illumina MiSeq,SRP115591,PRJNA398590,2,398590,SRS2435554,SAMN07513630,simple,646099,human metagenome,4022.D8.U,,,,,,,no,,,,,MURDOCH CHILDRENS RESEARCH INSTITUTE,SRA599826,,public,06EE471054A1E13A34852A4C5094CE9B,7A01BD84E1A42384A18828E9C37A690E
SRR5940805,2018-02-20 00:08:06,2017-08-17 03:13:05,44426,26744452,44426,602,16,,https://sra-downloadb.be-md.ncbi.nlm.nih.gov/sos12/sra-pub-zq-1214/SRR005/940/SRR5940805.sralite.1,SRX3099513,4023.D0.S,AMPLICON,PCR,METAGENOMIC,PAIRED,0,0,ILLUMINA,Illumina MiSeq,SRP115591,PRJNA398590,2,398590,SRS2435553,SAMN07513631,simple,539655,human skin metagenome,4023.D0.S,,,,,,,no,,,,,MURDOCH CHILDRENS RESEARCH INSTITUTE,SRA599826,,public,C9BAB2485073853F41200C46FB4ECBA2,AFBFB07DBEF955F283656C37AE6C9E33
SRR5940806,2018-02-20 00:08:06,2017-08-17 03:13:29,31352,18873904,31352,602,11,,https://sra-downloadb.be-md.ncbi.nlm.nih.gov/sos12/sra-pub-zq-1214/SRR005/940/SRR5940806.sralite.1,SRX3099512,4023.D28.S,AMPLICON,PCR,METAGENOMIC,PAIRED,0,0,ILLUMINA,Illumina MiSeq,SRP115591,PRJNA398590,2,398590,SRS2435552,SAMN07513632,simple,539655,human skin metagenome,4023.D28.S,,,,,,,no,,,,,MURDOCH CHILDRENS RESEARCH INSTITUTE,SRA599826,,public,0A83220926AC93DEB17EEE46F8D3B671,FFC008ED2CEC7BF9FA7696C3C9A47797
SRR5940807,2018-02-20 00:08:06,2017-08-17 03:13:33,33666,20266932,33666,602,12,,https://sra-downloadb.be-md.ncbi.nlm.nih.gov/sos12/sra-pub-zq-1214/SRR005/940/SRR5940807.sralite.1,SRX3099511,4023.D28.U,AMPLICON,PCR,METAGENOMIC,PAIRED,0,0,ILLUMINA,Illumina MiSeq,SRP115591,PRJNA398590,2,398590,SRS2435551,SAMN07513633,simple,646099,human metagenome,4023.D28.U,,,,,,,no,,,,,MURDOCH CHILDRENS RESEARCH INSTITUTE,SRA599826,,public,549A2C5FBD8C997347BB56A4F240901B,D1876817C576615FEC4CA015B66529B5
SRR5940800,2018-02-20 00:08:06,2017-08-17 03:12:27,91351,54993302,91351,602,32,,https://sra-downloadb.be-md.ncbi.nlm.nih.gov/sos12/sra-pub-zq-1214/SRR005/940/SRR5940800.sralite.1,SRX3099518,4023.D8.S,AMPLICON,PCR,METAGENOMIC,PAIRED,0,0,ILLUMINA,Illumina MiSeq,SRP115591,PRJNA398590,2,398590,SRS2435558,SAMN07513634,simple,539655,human skin metagenome,4023.D8.S,,,,,,,no,,,,,MURDOCH CHILDRENS RESEARCH INSTITUTE,SRA599826,,public,3C3DADB498E31AB772CEC6E953872E66,A51B60F5BBF3572C855F7585B9BDF2A0
SRR5940801,2018-02-20 00:08:06,2017-08-17 03:12:25,40403,24322606,40403,602,14,,https://sra-downloadb.be-md.ncbi.nlm.nih.gov/sos12/sra-pub-zq-1214/SRR005/940/SRR5940801.sralite.1,SRX3099517,4024.D0.S,AMPLICON,PCR,METAGENOMIC,PAIRED,0,0,ILLUMINA,Illumina MiSeq,SRP115591,PRJNA398590,2,398590,SRS2435557,SAMN07513635,simple,539655,human skin metagenome,4024.D0.S,,,,,,,no,,,,,MURDOCH CHILDRENS RESEARCH INSTITUTE,SRA599826,,public,A02E741ADA33160CAC2568ED40086772,B663A75ADEB8A4F6B0A87CFED556A2A6
SRR5940802,2018-02-20 00:08:06,2017-08-17 03:12:55,28590,17211180,28590,602,10,,https://sra-downloadb.be-md.ncbi.nlm.nih.gov/sos12/sra-pub-zq-1214/SRR005/940/SRR5940802.sralite.1,SRX3099516,4024.D0.U,AMPLICON,PCR,METAGENOMIC,PAIRED,0,0,ILLUMINA,Illumina MiSeq,SRP115591,PRJNA398590,2,398590,SRS2435556,SAMN07513636,simple,646099,human metagenome,4024.D0.U,,,,,,,no,,,,,MURDOCH CHILDRENS RESEARCH INSTITUTE,SRA599826,,public,6E4FF00DB88D4562BC2C8AEF6562977E,CC4845D360A8152A0A57EB83BE43B852
SRR5940803,2018-02-20 00:08:06,2017-08-17 03:12:59,29649,17848698,29649,602,10,,https://sra-downloadb.be-md.ncbi.nlm.nih.gov/sos12/sra-pub-zq-1214/SRR005/940/SRR5940803.sralite.1,SRX3099515,4025.D0.S,AMPLICON,PCR,METAGENOMIC,PAIRED,0,0,ILLUMINA,Illumina MiSeq,SRP115591,PRJNA398590,2,398590,SRS2435555,SAMN07513637,simple,539655,human skin metagenome,4025.D0.S,,,,,,,no,,,,,MURDOCH CHILDRENS RESEARCH INSTITUTE,SRA599826,,public,B88700524FB2E41A00247A9CB4CE0148,179BB25D38C946394EF5111169FA67DE
SRR5940798,2018-02-20 00:08:06,2017-08-17 03:12:19,37433,22534666,37433,602,14,,https://sra-downloadb.be-md.ncbi.nlm.nih.gov/sos12/sra-pub-zq-1214/SRR005/940/SRR5940798.sralite.1,SRX3099520,4025.D0.U,AMPLICON,PCR,METAGENOMIC,PAIRED,0,0,ILLUMINA,Illumina MiSeq,SRP115591,PRJNA398590,2,398590,SRS2435560,SAMN07513638,simple,646099,human metagenome,4025.D0.U,,,,,,,no,,,,,MURDOCH CHILDRENS RESEARCH INSTITUTE,SRA599826,,public,6722D8D688A5B09E7FCD28747BBFB868,4A4E5A685237E8E57B30AEDC544EE08A
SRR5940799,2018-02-20 00:08:06,2017-08-17 03:12:25,24605,14812210,24605,602,9,,https://sra-downloadb.be-md.ncbi.nlm.nih.gov/sos12/sra-pub-zq-1214/SRR005/940/SRR5940799.sralite.1,SRX3099519,4025.D8.S,AMPLICON,PCR,METAGENOMIC,PAIRED,0,0,ILLUMINA,Illumina MiSeq,SRP115591,PRJNA398590,2,398590,SRS2435559,SAMN07513639,simple,539655,human skin metagenome,4025.D8.S,,,,,,,no,,,,,MURDOCH CHILDRENS RESEARCH INSTITUTE,SRA599826,,public,5F47B49D1CD5660637249B220DB275DE,59F5C7FFE64CD8563797CD4836212014
SRR5940861,2018-02-20 00:08:04,2017-08-17 03:15:04,35283,21240366,35283,602,12,,https://sra-downloadb.be-md.ncbi.nlm.nih.gov/sos12/sra-pub-zq-1214/SRR005/940/SRR5940861.sralite.1,SRX3099457,3001.D28,AMPLICON,PCR,METAGENOMIC,PAIRED,0,0,ILLUMINA,Illumina MiSeq,SRP115591,PRJNA398590,2,398590,SRS2435497,SAMN07513500,simple,1632839,human vaginal metagenome,3001.D28,,,,,,,no,,,,,MURDOCH CHILDRENS RESEARCH INSTITUTE,SRA599826,,public,F23458EAAE4877DBC2683C6F045EBB2C,99566D3454927D4C249277151F352F21
SRR5940862,2018-02-20 00:08:04,2017-08-17 03:15:05,38632,23256464,38632,602,14,,https://sra-downloadb.be-md.ncbi.nlm.nih.gov/sos12/sra-pub-zq-1214/SRR005/940/SRR5940862.sralite.1,SRX3099456,3001.D8,AMPLICON,PCR,METAGENOMIC,PAIRED,0,0,ILLUMINA,Illumina MiSeq,SRP115591,PRJNA398590,2,398590,SRS2435496,SAMN07513501,simple,1632839,human vaginal metagenome,3001.D8,,,,,,,no,,,,,MURDOCH CHILDRENS RESEARCH INSTITUTE,SRA599826,,public,206EC9214FD7D0ED47661073088582C5,BFFD397D1765A7A5628F0D9DADBD4BA9
SRR5940868,2018-02-20 00:08:04,2017-08-17 03:15:10,139220,83717753,139220,601,48,,https://sra-downloadb.be-md.ncbi.nlm.nih.gov/sos12/sra-pub-zq-1214/SRR005/940/SRR5940868.sralite.1,SRX3099450,3002.D0,AMPLICON,PCR,METAGENOMIC,PAIRED,0,0,ILLUMINA,Illumina MiSeq,SRP115591,PRJNA398590,2,398590,SRS2435490,SAMN07513502,simple,1632839,human vaginal metagenome,3002.D0,,,,,,,no,,,,,MURDOCH CHILDRENS RESEARCH INSTITUTE,SRA599826,,public,9E0CF6AEB443AC7433A4E511695AFD72,1F2B5DD74A671692B8F59CD40CCD0A3E
SRR5940886,2018-02-20 00:08:04,2017-08-17 03:15:14,134065,80454203,134065,600,45,,https://sra-downloadb.be-md.ncbi.nlm.nih.gov/sos12/sra-pub-zq-1214/SRR005/940/SRR5940886.sralite.1,SRX3099432,3002.D28,AMPLICON,PCR,METAGENOMIC,PAIRED,0,0,ILLUMINA,Illumina MiSeq,SRP115591,PRJNA398590,2,398590,SRS2435473,SAMN07513503,simple,1632839,human vaginal metagenome,3002.D28,,,,,,,no,,,,,MURDOCH CHILDRENS RESEARCH INSTITUTE,SRA599826,,public,D18730DDB06B2999A35166BE7058798E,5A685CBB9709421B2E9793269E52CB38
SRR5940874,2018-02-20 00:08:04,2017-08-17 03:15:06,35523,21361635,35523,601,12,,https://sra-downloadb.be-md.ncbi.nlm.nih.gov/sos12/sra-pub-zq-1214/SRR005/940/SRR5940874.sralite.1,SRX3099444,3004.D0,AMPLICON,PCR,METAGENOMIC,PAIRED,0,0,ILLUMINA,Illumina MiSeq,SRP115591,PRJNA398590,2,398590,SRS2435484,SAMN07513508,simple,1632839,human vaginal metagenome,3004.D0,,,,,,,no,,,,,MURDOCH CHILDRENS RESEARCH INSTITUTE,SRA599826,,public,EEDD71BB9DFB81F1B131AE0F60A0BB92,C1CC349576A6832475D863D3B2916656
SRR5940875,2018-02-20 00:08:04,2017-08-17 03:14:53,14976,9011702,14976,601,5,,https://sra-downloadb.be-md.ncbi.nlm.nih.gov/sos12/sra-pub-zq-1214/SRR005/940/SRR5940875.sralite.1,SRX3099443,3004.D14,AMPLICON,PCR,METAGENOMIC,PAIRED,0,0,ILLUMINA,Illumina MiSeq,SRP115591,PRJNA398590,2,398590,SRS2435483,SAMN07513509,simple,1632839,human vaginal metagenome,3004.D14,,,,,,,no,,,,,MURDOCH CHILDRENS RESEARCH INSTITUTE,SRA599826,,public,748383EA50C5FF995F60F74FF358F31A,D8419CA56BD731232BA5EEB47E12076D
SRR5940905,2018-02-20 00:08:03,2017-08-17 03:15:36,44537,26793253,44537,601,15,,https://sra-downloadb.be-md.ncbi.nlm.nih.gov/sos12/sra-pub-zq-1214/SRR005/940/SRR5940905.sralite.1,SRX3099413,3004.D21,AMPLICON,PCR,METAGENOMIC,PAIRED,0,0,ILLUMINA,Illumina MiSeq,SRP115591,PRJNA398590,2,398590,SRS2435453,SAMN07513510,simple,1632839,human vaginal metagenome,3004.D21,,,,,,,no,,,,,MURDOCH CHILDRENS RESEARCH INSTITUTE,SRA599826,,public,6933D07BD687405197479A17E3AE910D,89A8B3F241D468649CC95A29A67D5F8F
SRR5940906,2018-02-20 00:08:03,2017-08-17 03:15:40,35565,21385139,35565,601,12,,https://sra-downloadb.be-md.ncbi.nlm.nih.gov/sos12/sra-pub-zq-1214/SRR005/940/SRR5940906.sralite.1,SRX3099412,3004.D28,AMPLICON,PCR,METAGENOMIC,PAIRED,0,0,ILLUMINA,Illumina MiSeq,SRP115591,PRJNA398590,2,398590,SRS2435452,SAMN07513511,simple,1632839,human vaginal metagenome,3004.D28,,,,,,,no,,,,,MURDOCH CHILDRENS RESEARCH INSTITUTE,SRA599826,,public,672625CB58FCF2308CEC3C78F3C38DFA,3A2509F9323F3C6BC70820B3E05FA60C
SRR5940903,2018-02-20 00:08:03,2017-08-17 03:15:39,42222,25385227,42222,601,14,,https://sra-downloadb.be-md.ncbi.nlm.nih.gov/sos12/sra-pub-zq-1214/SRR005/940/SRR5940903.sralite.1,SRX3099415,3004.D8,AMPLICON,PCR,METAGENOMIC,PAIRED,0,0,ILLUMINA,Illumina MiSeq,SRP115591,PRJNA398590,2,398590,SRS2435455,SAMN07513512,simple,1632839,human vaginal metagenome,3004.D8,,,,,,,no,,,,,MURDOCH CHILDRENS RESEARCH INSTITUTE,SRA599826,,public,8BC3D4057AF37F54C6634D8A4F20EA4E,86B6040422B9BE76BC44C2AB8111C175
SRR5940904,2018-02-20 00:08:03,2017-08-17 03:15:38,25251,15181281,25251,601,8,,https://sra-downloadb.be-md.ncbi.nlm.nih.gov/sos12/sra-pub-zq-1214/SRR005/940/SRR5940904.sralite.1,SRX3099414,3005.D0,AMPLICON,PCR,METAGENOMIC,PAIRED,0,0,ILLUMINA,Illumina MiSeq,SRP115591,PRJNA398590,2,398590,SRS2435454,SAMN07513513,simple,1632839,human vaginal metagenome,3005.D0,,,,,,,no,,,,,MURDOCH CHILDRENS RESEARCH INSTITUTE,SRA599826,,public,0B68F3A1522D060D10848A0C4D691D47,30CDCB431E962D51A140D7E6425E6B92
SRR5940901,2018-02-20 00:08:03,2017-08-17 03:15:39,40964,24587655,40964,600,14,,https://sra-downloadb.be-md.ncbi.nlm.nih.gov/sos12/sra-pub-zq-1214/SRR005/940/SRR5940901.sralite.1,SRX3099417,3005.D28,AMPLICON,PCR,METAGENOMIC,PAIRED,0,0,ILLUMINA,Illumina MiSeq,SRP115591,PRJNA398590,2,398590,SRS2435457,SAMN07513514,simple,1632839,human vaginal metagenome,3005.D28,,,,,,,no,,,,,MURDOCH CHILDRENS RESEARCH INSTITUTE,SRA599826,,public,CEFA5A77333BAFB78F36ADAB73AF85E5,280CF5022797B020EBFE619D2FD5F964
SRR5940902,2018-02-20 00:08:03,2017-08-17 03:15:38,30129,18078237,30129,600,10,,https://sra-downloadb.be-md.ncbi.nlm.nih.gov/sos12/sra-pub-zq-1214/SRR005/940/SRR5940902.sralite.1,SRX3099416,3005.D8,AMPLICON,PCR,METAGENOMIC,PAIRED,0,0,ILLUMINA,Illumina MiSeq,SRP115591,PRJNA398590,2,398590,SRS2435456,SAMN07513515,simple,1632839,human vaginal metagenome,3005.D8,,,,,,,no,,,,,MURDOCH CHILDRENS RESEARCH INSTITUTE,SRA599826,,public,33FCC9538229AA1DC12CAF477FC3A17E,704AD75460CBF6774FD1A23AFA6FAA87
SRR5940899,2018-02-20 00:08:03,2017-08-17 03:15:54,32792,19740784,32792,602,12,,https://sra-downloadb.be-md.ncbi.nlm.nih.gov/sos12/sra-pub-zq-1214/SRR005/940/SRR5940899.sralite.1,SRX3099419,3006.D0,AMPLICON,PCR,METAGENOMIC,PAIRED,0,0,ILLUMINA,Illumina MiSeq,SRP115591,PRJNA398590,2,398590,SRS2435459,SAMN07513516,simple,1632839,human vaginal metagenome,3006.D0,,,,,,,no,,,,,MURDOCH CHILDRENS RESEARCH INSTITUTE,SRA599826,,public,C16247B679365BF00FE11006E2A07D2D,7DA9031C1A0C894AC961FC8536B53EC7
SRR5940900,2018-02-20 00:08:03,2017-08-17 03:15:37,27494,16551388,27494,602,10,,https://sra-downloadb.be-md.ncbi.nlm.nih.gov/sos12/sra-pub-zq-1214/SRR005/940/SRR5940900.sralite.1,SRX3099418,3007.D0,AMPLICON,PCR,METAGENOMIC,PAIRED,0,0,ILLUMINA,Illumina MiSeq,SRP115591,PRJNA398590,2,398590,SRS2435458,SAMN07513517,simple,1632839,human vaginal metagenome,3007.D0,,,,,,,no,,,,,MURDOCH CHILDRENS RESEARCH INSTITUTE,SRA599826,,public,8C221C492BA3C91D605B49F2E5A0C00D,296B88A4F09F4278B7DB35C7E054E5A5
SRR5940897,2018-02-20 00:08:03,2017-08-17 03:15:38,27488,16547776,27488,602,10,,https://sra-downloadb.be-md.ncbi.nlm.nih.gov/sos12/sra-pub-zq-1214/SRR005/940/SRR5940897.sralite.1,SRX3099421,3007.D28,AMPLICON,PCR,METAGENOMIC,PAIRED,0,0,ILLUMINA,Illumina MiSeq,SRP115591,PRJNA398590,2,398590,SRS2435461,SAMN07513518,simple,1632839,human vaginal metagenome,3007.D28,,,,,,,no,,,,,MURDOCH CHILDRENS RESEARCH INSTITUTE,SRA599826,,public,8462A1ACCF496FAD4317A7B182A8F4EB,A2105CA54004CD6D218ECEC339916532
SRR5940898,2018-02-20 00:08:03,2017-08-17 03:15:35,30660,18457320,30660,602,11,,https://sra-downloadb.be-md.ncbi.nlm.nih.gov/sos12/sra-pub-zq-1214/SRR005/940/SRR5940898.sralite.1,SRX3099420,3007.D8,AMPLICON,PCR,METAGENOMIC,PAIRED,0,0,ILLUMINA,Illumina MiSeq,SRP115591,PRJNA398590,2,398590,SRS2435460,SAMN07513519,simple,1632839,human vaginal metagenome,3007.D8,,,,,,,no,,,,,MURDOCH CHILDRENS RESEARCH INSTITUTE,SRA599826,,public,606F01114A3A3DF88B9D00F4CDBC9537,C69FB9D809D1A60907BA651F9068B7AD
SRR5940860,2018-02-20 00:08:04,2017-08-17 03:15:01,36261,21808142,36261,601,12,,https://sra-downloadb.be-md.ncbi.nlm.nih.gov/sos12/sra-pub-zq-1214/SRR005/940/SRR5940860.sralite.1,SRX3099458,3008.D0,AMPLICON,PCR,METAGENOMIC,PAIRED,0,0,ILLUMINA,Illumina MiSeq,SRP115591,PRJNA398590,2,398590,SRS2435498,SAMN07513520,simple,1632839,human vaginal metagenome,3008.D0,,,,,,,no,,,,,MURDOCH CHILDRENS RESEARCH INSTITUTE,SRA599826,,public,A3DA0E08EA16F4F0FAEAE583CC807872,D2AA7D0FB8FD0EB360E1D901AEBC4422
SRR5940859,2018-02-20 00:08:05,2017-08-17 03:15:04,28761,17275784,28761,600,9,,https://sra-downloadb.be-md.ncbi.nlm.nih.gov/sos12/sra-pub-zq-1214/SRR005/940/SRR5940859.sralite.1,SRX3099459,3008.D28,AMPLICON,PCR,METAGENOMIC,PAIRED,0,0,ILLUMINA,Illumina MiSeq,SRP115591,PRJNA398590,2,398590,SRS2435499,SAMN07513521,simple,1632839,human vaginal metagenome,3008.D28,,,,,,,no,,,,,MURDOCH CHILDRENS RESEARCH INSTITUTE,SRA599826,,public,093DD793362646590576D04AB90846E8,E1A24A89DEAB67E24520A6805236CE3E
SRR5940858,2018-02-20 00:08:05,2017-08-17 03:14:59,43741,26263377,43741,600,14,,https://sra-downloadb.be-md.ncbi.nlm.nih.gov/sos12/sra-pub-zq-1214/SRR005/940/SRR5940858.sralite.1,SRX3099460,3008.D8,AMPLICON,PCR,METAGENOMIC,PAIRED,0,0,ILLUMINA,Illumina MiSeq,SRP115591,PRJNA398590,2,398590,SRS2435500,SAMN07513522,simple,1632839,human vaginal metagenome,3008.D8,,,,,,,no,,,,,MURDOCH CHILDRENS RESEARCH INSTITUTE,SRA599826,,public,2EF086E9859CE8F50B6EB95449338B1C,C7C3AF315E2F4B701432269624A392D9
SRR5940863,2018-02-20 00:08:04,2017-08-17 03:15:04,25014,15027125,25014,600,8,,https://sra-downloadb.be-md.ncbi.nlm.nih.gov/sos12/sra-pub-zq-1214/SRR005/940/SRR5940863.sralite.1,SRX3099455,3010.D28,AMPLICON,PCR,METAGENOMIC,PAIRED,0,0,ILLUMINA,Illumina MiSeq,SRP115591,PRJNA398590,2,398590,SRS2435495,SAMN07513528,simple,1632839,human vaginal metagenome,3010.D28,,,,,,,no,,,,,MURDOCH CHILDRENS RESEARCH INSTITUTE,SRA599826,,public,3F2D096FBE8D41C63F3801F8AED22D08,15E3A5256EA1386C773197513EA4E8A9
SRR5940876,2018-02-20 00:08:04,2017-08-17 03:15:05,51411,30922745,51411,601,17,,https://sra-downloadb.be-md.ncbi.nlm.nih.gov/sos12/sra-pub-zq-1214/SRR005/940/SRR5940876.sralite.1,SRX3099442,3012.D0,AMPLICON,PCR,METAGENOMIC,PAIRED,0,0,ILLUMINA,Illumina MiSeq,SRP115591,PRJNA398590,2,398590,SRS2435482,SAMN07513530,simple,1632839,human vaginal metagenome,3012.D0,,,,,,,no,,,,,MURDOCH CHILDRENS RESEARCH INSTITUTE,SRA599826,,public,B0D702DC4489763882C1E7DBEE150E32,2F47BF63BD5C8AE65FA51BEB34D1ED3F
SRR5940877,2018-02-20 00:08:04,2017-08-17 03:15:07,32778,19718812,32778,601,11,,https://sra-downloadb.be-md.ncbi.nlm.nih.gov/sos12/sra-pub-zq-1214/SRR005/940/SRR5940877.sralite.1,SRX3099441,3012.D28.EX,AMPLICON,PCR,METAGENOMIC,PAIRED,0,0,ILLUMINA,Illumina MiSeq,SRP115591,PRJNA398590,2,398590,SRS2435481,SAMN07513531,simple,1632839,human vaginal metagenome,3012.D28,,,,,,,no,,,,,MURDOCH CHILDRENS RESEARCH INSTITUTE,SRA599826,,public,7F37CDACCC2F0F7684B4835496FD4580,9ECBFD1DA26F20FB7FDADBE55F60EA60
SRR5940878,2018-02-20 00:08:04,2017-08-17 03:15:04,38096,22920992,38096,601,13,,https://sra-downloadb.be-md.ncbi.nlm.nih.gov/sos12/sra-pub-zq-1214/SRR005/940/SRR5940878.sralite.1,SRX3099440,3012.D8,AMPLICON,PCR,METAGENOMIC,PAIRED,0,0,ILLUMINA,Illumina MiSeq,SRP115591,PRJNA398590,2,398590,SRS2435480,SAMN07513532,simple,1632839,human vaginal metagenome,3012.D8,,,,,,,no,,,,,MURDOCH CHILDRENS RESEARCH INSTITUTE,SRA599826,,public,57059C736BE99334847AE907C6FAACBA,04EDEA2FDDEA8A813FFFBA61879D467D
SRR5940879,2018-02-20 00:08:04,2017-08-17 03:15:05,42487,25558262,42487,601,14,,https://sra-downloadb.be-md.ncbi.nlm.nih.gov/sos12/sra-pub-zq-1214/SRR005/940/SRR5940879.sralite.1,SRX3099439,3013.D0,AMPLICON,PCR,METAGENOMIC,PAIRED,0,0,ILLUMINA,Illumina MiSeq,SRP115591,PRJNA398590,2,398590,SRS2435479,SAMN07513533,simple,1632839,human vaginal metagenome,3013.D0,,,,,,,no,,,,,MURDOCH CHILDRENS RESEARCH INSTITUTE,SRA599826,,public,F521D349F197E2EE60C58E64E7C23531,F5DDE9B9A8944B90895D58E55DF83DB0
SRR5940880,2018-02-20 00:08:04,2017-08-17 03:15:06,30239,18177568,30239,601,10,,https://sra-downloadb.be-md.ncbi.nlm.nih.gov/sos12/sra-pub-zq-1214/SRR005/940/SRR5940880.sralite.1,SRX3099438,3013.D28,AMPLICON,PCR,METAGENOMIC,PAIRED,0,0,ILLUMINA,Illumina MiSeq,SRP115591,PRJNA398590,2,398590,SRS2435478,SAMN07513534,simple,1632839,human vaginal metagenome,3013.D28,,,,,,,no,,,,,MURDOCH CHILDRENS RESEARCH INSTITUTE,SRA599826,,public,C66090B41D4F578AFBFB884788A7EFB7,189DE4B8AD8C46863C94A68EA0800136
SRR5940881,2018-02-20 00:08:04,2017-08-17 03:15:12,32851,19746307,32851,601,11,,https://sra-downloadb.be-md.ncbi.nlm.nih.gov/sos12/sra-pub-zq-1214/SRR005/940/SRR5940881.sralite.1,SRX3099437,3013.D8,AMPLICON,PCR,METAGENOMIC,PAIRED,0,0,ILLUMINA,Illumina MiSeq,SRP115591,PRJNA398590,2,398590,SRS2435477,SAMN07513535,simple,1632839,human vaginal metagenome,3013.D8,,,,,,,no,,,,,MURDOCH CHILDRENS RESEARCH INSTITUTE,SRA599826,,public,69A0D421ADCD2F6C7679EBBA2F92D530,B08322DD4EA6346AD1B0444C5465825C
SRR5940882,2018-02-20 00:08:04,2017-08-17 03:15:21,35463,21335484,35463,601,13,,https://sra-downloadb.be-md.ncbi.nlm.nih.gov/sos12/sra-pub-zq-1214/SRR005/940/SRR5940882.sralite.1,SRX3099436,3014.D0,AMPLICON,PCR,METAGENOMIC,PAIRED,0,0,ILLUMINA,Illumina MiSeq,SRP115591,PRJNA398590,2,398590,SRS2435476,SAMN07513536,simple,1632839,human vaginal metagenome,3014.D0,,,,,,,no,,,,,MURDOCH CHILDRENS RESEARCH INSTITUTE,SRA599826,,public,611FBC1080337AF0CF43762A9EDE1350,2500A02E8ED6ED5E40123AB2370E9953
SRR5940883,2018-02-20 00:08:04,2017-08-17 03:15:16,36101,21720459,36101,601,12,,https://sra-downloadb.be-md.ncbi.nlm.nih.gov/sos12/sra-pub-zq-1214/SRR005/940/SRR5940883.sralite.1,SRX3099435,3014.D14,AMPLICON,PCR,METAGENOMIC,PAIRED,0,0,ILLUMINA,Illumina MiSeq,SRP115591,PRJNA398590,2,398590,SRS2435475,SAMN07513537,simple,1632839,human vaginal metagenome,3014.D14,,,,,,,no,,,,,MURDOCH CHILDRENS RESEARCH INSTITUTE,SRA599826,,public,C21A15F8CC4180BCB890DFCCB7A8AD35,0B15E0AAC5D7CCF86100C4CEE9FA5995
SRR5940884,2018-02-20 00:08:04,2017-08-17 03:15:16,48983,29474636,48983,601,16,,https://sra-downloadb.be-md.ncbi.nlm.nih.gov/sos12/sra-pub-zq-1214/SRR005/940/SRR5940884.sralite.1,SRX3099434,3014.D21,AMPLICON,PCR,METAGENOMIC,PAIRED,0,0,ILLUMINA,Illumina MiSeq,SRP115591,PRJNA398590,2,398590,SRS2435474,SAMN07513538,simple,1632839,human vaginal metagenome,3014.D21,,,,,,,no,,,,,MURDOCH CHILDRENS RESEARCH INSTITUTE,SRA599826,,public,4BC3FBCE9FE882C1B33A9B434F24562E,84651D28795184763F27406E2A89F07B
SRR5940885,2018-02-20 00:08:04,2017-08-17 03:15:16,42879,25795088,42879,601,14,,https://sra-downloadb.be-md.ncbi.nlm.nih.gov/sos12/sra-pub-zq-1214/SRR005/940/SRR5940885.sralite.1,SRX3099433,3014.D28,AMPLICON,PCR,METAGENOMIC,PAIRED,0,0,ILLUMINA,Illumina MiSeq,SRP115591,PRJNA398590,2,398590,SRS2435472,SAMN07513539,simple,1632839,human vaginal metagenome,3014.D28,,,,,,,no,,,,,MURDOCH CHILDRENS RESEARCH INSTITUTE,SRA599826,,public,3C734E73E57D51EEA164996FB5702E02,DE409597DF9B501929C2DD7E7863D1C5
SRR5940917,2018-02-20 00:08:03,2017-08-17 03:15:41,23997,14401457,23997,600,8,,https://sra-downloadb.be-md.ncbi.nlm.nih.gov/sos12/sra-pub-zq-1214/SRR005/940/SRR5940917.sralite.1,SRX3099401,4003.D0.S,AMPLICON,PCR,METAGENOMIC,PAIRED,0,0,ILLUMINA,Illumina MiSeq,SRP115591,PRJNA398590,2,398590,SRS2435441,SAMN07513569,simple,539655,human skin metagenome,4003.D0.S,,,,,,,no,,,,,MURDOCH CHILDRENS RESEARCH INSTITUTE,SRA599826,,public,B864ABF16439A400DE2B5FB0F972516E,4CF4B4CCB04846D2F11A8644BDEDF210
SRR5940892,2018-02-20 00:08:04,2017-08-17 03:15:44,34222,20601644,34222,602,12,,https://sra-downloadb.be-md.ncbi.nlm.nih.gov/sos12/sra-pub-zq-1214/SRR005/940/SRR5940892.sralite.1,SRX3099426,4005.D0.S,AMPLICON,PCR,METAGENOMIC,PAIRED,0,0,ILLUMINA,Illumina MiSeq,SRP115591,PRJNA398590,2,398590,SRS2435466,SAMN07513580,simple,539655,human skin metagenome,4005.D0.S,,,,,,,no,,,,,MURDOCH CHILDRENS RESEARCH INSTITUTE,SRA599826,,public,08E1EDEFEABCF77610D3BFC847ED43B1,34DD96FF2573EF5A9FD6401BB7DE6AC2
SRR5940894,2018-02-20 00:08:03,2017-08-17 03:15:29,29535,17729896,29535,600,10,,https://sra-downloadb.be-md.ncbi.nlm.nih.gov/sos12/sra-pub-zq-1214/SRR005/940/SRR5940894.sralite.1,SRX3099424,4005.D14.S,AMPLICON,PCR,METAGENOMIC,PAIRED,0,0,ILLUMINA,Illumina MiSeq,SRP115591,PRJNA398590,2,398590,SRS2435463,SAMN07513582,simple,539655,human skin metagenome,4005.D14.S,,,,,,,no,,,,,MURDOCH CHILDRENS RESEARCH INSTITUTE,SRA599826,,public,778D584E491E85A32C32E6885760A357,3D238C486A0D9601AEB54FB8F486DB28
SRR5940891,2018-02-20 00:08:04,2017-08-17 03:15:25,38937,23440074,38937,602,14,,https://sra-downloadb.be-md.ncbi.nlm.nih.gov/sos12/sra-pub-zq-1214/SRR005/940/SRR5940891.sralite.1,SRX3099427,4005.D28.S.D,AMPLICON,PCR,METAGENOMIC,PAIRED,0,0,ILLUMINA,Illumina MiSeq,SRP115591,PRJNA398590,2,398590,SRS2435467,SAMN07513581,simple,539655,human skin metagenome,4005.D28.S,,,,,,,no,,,,,MURDOCH CHILDRENS RESEARCH INSTITUTE,SRA599826,,public,941EF07D9A1F5D704E85F6B25788EF0B,EAF6D1A0BEB8A2B3196BF4D87DA23449
SRR5940893,2018-02-20 00:08:04,2017-08-17 03:15:33,33324,20061048,33324,602,12,,https://sra-downloadb.be-md.ncbi.nlm.nih.gov/sos12/sra-pub-zq-1214/SRR005/940/SRR5940893.sralite.1,SRX3099425,4006.D0.S,AMPLICON,PCR,METAGENOMIC,PAIRED,0,0,ILLUMINA,Illumina MiSeq,SRP115591,PRJNA398590,2,398590,SRS2435465,SAMN07513583,simple,539655,human skin metagenome,4006.D0.S,,,,,,,no,,,,,MURDOCH CHILDRENS RESEARCH INSTITUTE,SRA599826,,public,0D4FCCD89148AEB8CF2867D71FB35C06,32BF6C7015D0110F88F25AA3D1148470
SRR5940888,2018-02-20 00:08:04,2017-08-17 03:15:06,12744,7671888,12744,602,4,,https://sra-downloadb.be-md.ncbi.nlm.nih.gov/sos12/sra-pub-zq-1214/SRR005/940/SRR5940888.sralite.1,SRX3099430,4006.D0.U,AMPLICON,PCR,METAGENOMIC,PAIRED,0,0,ILLUMINA,Illumina MiSeq,SRP115591,PRJNA398590,2,398590,SRS2435469,SAMN07513584,simple,646099,human metagenome,4006.D0.U,,,,,,,no,,,,,MURDOCH CHILDRENS RESEARCH INSTITUTE,SRA599826,,public,F289835925ED8DDAB280FFC5614663E1,34F0A27569CD28FA418F0BB6021AF65F
SRR5940887,2018-02-20 00:08:04,2017-08-17 03:15:06,14978,9016756,14978,602,5,,https://sra-downloadb.be-md.ncbi.nlm.nih.gov/sos12/sra-pub-zq-1214/SRR005/940/SRR5940887.sralite.1,SRX3099431,4007.D0.S,AMPLICON,PCR,METAGENOMIC,PAIRED,0,0,ILLUMINA,Illumina MiSeq,SRP115591,PRJNA398590,2,398590,SRS2435471,SAMN07513585,simple,539655,human skin metagenome,4007.D0.S,,,,,,,no,,,,,MURDOCH CHILDRENS RESEARCH INSTITUTE,SRA599826,,public,8DFE8511F268718588558A0CD8E53029,2757F950ABE7AB0188296103A5842A24
SRR5940890,2018-02-20 00:08:04,2017-08-17 03:15:27,26359,15868118,26359,602,9,,https://sra-downloadb.be-md.ncbi.nlm.nih.gov/sos12/sra-pub-zq-1214/SRR005/940/SRR5940890.sralite.1,SRX3099428,4007.D0.U,AMPLICON,PCR,METAGENOMIC,PAIRED,0,0,ILLUMINA,Illumina MiSeq,SRP115591,PRJNA398590,2,398590,SRS2435470,SAMN07513586,simple,646099,human metagenome,4007.D0.U,,,,,,,no,,,,,MURDOCH CHILDRENS RESEARCH INSTITUTE,SRA599826,,public,5DC772FC77E69CEADA88A725AABA1718,E747D3141357A510CF4B8E74D724EBAA
SRR5940889,2018-02-20 00:08:04,2017-08-17 03:15:21,32764,19681386,32764,600,11,,https://sra-downloadb.be-md.ncbi.nlm.nih.gov/sos12/sra-pub-zq-1214/SRR005/940/SRR5940889.sralite.1,SRX3099429,4008.D0.S,AMPLICON,PCR,METAGENOMIC,PAIRED,0,0,ILLUMINA,Illumina MiSeq,SRP115591,PRJNA398590,2,398590,SRS2435468,SAMN07513587,simple,539655,human skin metagenome,4008.D0.S,,,,,,,no,,,,,MURDOCH CHILDRENS RESEARCH INSTITUTE,SRA599826,,public,6B7DCDB73592090559804A1607B5C080,FDECCF88EF6531EDDB0350AB583D21CF
SRR5940896,2018-02-20 00:08:03,2017-08-17 03:15:33,35373,21294546,35373,602,13,,https://sra-downloadb.be-md.ncbi.nlm.nih.gov/sos12/sra-pub-zq-1214/SRR005/940/SRR5940896.sralite.1,SRX3099422,4008.D28.S,AMPLICON,PCR,METAGENOMIC,PAIRED,0,0,ILLUMINA,Illumina MiSeq,SRP115591,PRJNA398590,2,398590,SRS2435464,SAMN07513588,simple,539655,human skin metagenome,4008.D28.S,,,,,,,no,,,,,MURDOCH CHILDRENS RESEARCH INSTITUTE,SRA599826,,public,2607B77CF7B47BD5CF3D3D90FFD14765,3F2BA5DD2AEDB189CD77C53CA5A31F44
SRR5940895,2018-02-20 00:08:03,2017-08-17 03:15:44,37426,22521217,37426,601,12,,https://sra-downloadb.be-md.ncbi.nlm.nih.gov/sos12/sra-pub-zq-1214/SRR005/940/SRR5940895.sralite.1,SRX3099423,4008.D8.S,AMPLICON,PCR,METAGENOMIC,PAIRED,0,0,ILLUMINA,Illumina MiSeq,SRP115591,PRJNA398590,2,398590,SRS2435462,SAMN07513589,simple,539655,human skin metagenome,4008.D8.S,,,,,,,no,,,,,MURDOCH CHILDRENS RESEARCH INSTITUTE,SRA599826,,public,1FC9C8F4A07B960D914AD376840D662D,FC1BAC8E2EC3776D52CC74E644DFD012
SRR5940913,2018-02-20 00:08:03,2017-08-17 03:15:39,31752,19114704,31752,602,11,,https://sra-downloadb.be-md.ncbi.nlm.nih.gov/sos12/sra-pub-zq-1214/SRR005/940/SRR5940913.sralite.1,SRX3099405,4009.D0.S,AMPLICON,PCR,METAGENOMIC,PAIRED,0,0,ILLUMINA,Illumina MiSeq,SRP115591,PRJNA398590,2,398590,SRS2435445,SAMN07513590,simple,539655,human skin metagenome,4009.D0.S,,,,,,,no,,,,,MURDOCH CHILDRENS RESEARCH INSTITUTE,SRA599826,,public,5FA21322DD93D61D99D94803237F2220,216E031ECA4E67A7524C2F87FA12A9F1
SRR5940914,2018-02-20 00:08:03,2017-08-17 03:15:42,39254,23618163,39254,601,13,,https://sra-downloadb.be-md.ncbi.nlm.nih.gov/sos12/sra-pub-zq-1214/SRR005/940/SRR5940914.sralite.1,SRX3099404,4009.D0.U,AMPLICON,PCR,METAGENOMIC,PAIRED,0,0,ILLUMINA,Illumina MiSeq,SRP115591,PRJNA398590,2,398590,SRS2435444,SAMN07513591,simple,646099,human metagenome,4009.D0.U,,,,,,,no,,,,,MURDOCH CHILDRENS RESEARCH INSTITUTE,SRA599826,,public,E282855F07284604276FD1D4455DDE9A,46F02D870346054F2C1B896DE3F15741
SRR5940911,2018-02-20 00:08:03,2017-08-17 03:15:42,37606,22626324,37606,601,12,,https://sra-downloadb.be-md.ncbi.nlm.nih.gov/sos12/sra-pub-zq-1214/SRR005/940/SRR5940911.sralite.1,SRX3099407,4009.D14.S,AMPLICON,PCR,METAGENOMIC,PAIRED,0,0,ILLUMINA,Illumina MiSeq,SRP115591,PRJNA398590,2,398590,SRS2435447,SAMN07513592,simple,539655,human skin metagenome,4009.D14.S,,,,,,,no,,,,,MURDOCH CHILDRENS RESEARCH INSTITUTE,SRA599826,,public,BA3CF0EF06ECFDBBBC4C961708EF3F82,50D730E3ED7AC09C2A998132DCB14B5E
SRR5940912,2018-02-20 00:08:03,2017-08-17 03:15:41,40753,24513880,40753,601,14,,https://sra-downloadb.be-md.ncbi.nlm.nih.gov/sos12/sra-pub-zq-1214/SRR005/940/SRR5940912.sralite.1,SRX3099406,4009.D28.S,AMPLICON,PCR,METAGENOMIC,PAIRED,0,0,ILLUMINA,Illumina MiSeq,SRP115591,PRJNA398590,2,398590,SRS2435446,SAMN07513593,simple,539655,human skin metagenome,4009.D28.S,,,,,,,no,,,,,MURDOCH CHILDRENS RESEARCH INSTITUTE,SRA599826,,public,7913A1CD14CD40B37282D9DAACD5B3F5,7FA414D1647420578118BC635163F948
SRR5940909,2018-02-20 00:08:03,2017-08-17 03:15:37,34543,20781468,34543,601,11,,https://sra-downloadb.be-md.ncbi.nlm.nih.gov/sos12/sra-pub-zq-1214/SRR005/940/SRR5940909.sralite.1,SRX3099409,4009.D28.U,AMPLICON,PCR,METAGENOMIC,PAIRED,0,0,ILLUMINA,Illumina MiSeq,SRP115591,PRJNA398590,2,398590,SRS2435449,SAMN07513594,simple,646099,human metagenome,4009.D28.U,,,,,,,no,,,,,MURDOCH CHILDRENS RESEARCH INSTITUTE,SRA599826,,public,5E187E0D8D0D3AE06F76A9EC8BE3C29F,8856DE83E329CDAA8D21160585EAF1C4
SRR5940910,2018-02-20 00:08:03,2017-08-17 03:15:34,45094,27137568,45094,601,15,,https://sra-downloadb.be-md.ncbi.nlm.nih.gov/sos12/sra-pub-zq-1214/SRR005/940/SRR5940910.sralite.1,SRX3099408,4009.D8.S,AMPLICON,PCR,METAGENOMIC,PAIRED,0,0,ILLUMINA,Illumina MiSeq,SRP115591,PRJNA398590,2,398590,SRS2435448,SAMN07513595,simple,539655,human skin metagenome,4009.D8.S,,,,,,,no,,,,,MURDOCH CHILDRENS RESEARCH INSTITUTE,SRA599826,,public,F8386A05EFDA4740C017F16140B52F97,8278771320D246B2A85B64338E880B7D
SRR5940907,2018-02-20 00:08:03,2017-08-17 03:15:40,39192,23563936,39192,601,13,,https://sra-downloadb.be-md.ncbi.nlm.nih.gov/sos12/sra-pub-zq-1214/SRR005/940/SRR5940907.sralite.1,SRX3099411,4009.D8.U,AMPLICON,PCR,METAGENOMIC,PAIRED,0,0,ILLUMINA,Illumina MiSeq,SRP115591,PRJNA398590,2,398590,SRS2435451,SAMN07513596,simple,646099,human metagenome,4009.D8.U,,,,,,,no,,,,,MURDOCH CHILDRENS RESEARCH INSTITUTE,SRA599826,,public,CCB70008E3F306E62E01A4352FFFD022,7EDE09DD510FB55E162CAB077CB12CD5
SRR5940908,2018-02-20 00:08:03,2017-08-17 03:15:40,32166,19347855,32166,601,11,,https://sra-downloadb.be-md.ncbi.nlm.nih.gov/sos12/sra-pub-zq-1214/SRR005/940/SRR5940908.sralite.1,SRX3099410,4010.D0.S,AMPLICON,PCR,METAGENOMIC,PAIRED,0,0,ILLUMINA,Illumina MiSeq,SRP115591,PRJNA398590,2,398590,SRS2435450,SAMN07513597,simple,539655,human skin metagenome,4010.D0.S,,,,,,,no,,,,,MURDOCH CHILDRENS RESEARCH INSTITUTE,SRA599826,,public,0F67AB88388EF023B62AE3EA81ABFEFD,DF4E373CB4D9E3CD431F580B42155766
SRR5940915,2018-02-20 00:08:03,2017-08-17 03:15:47,142250,42817250,0,301,23,,https://sra-downloadb.be-md.ncbi.nlm.nih.gov/sos12/sra-pub-zq-1214/SRR005/940/SRR5940915.sralite.1,SRX3099403,4010.D28.S,AMPLICON,PCR,METAGENOMIC,PAIRED,0,0,ILLUMINA,Illumina MiSeq,SRP115591,PRJNA398590,2,398590,SRS2435443,SAMN07513598,simple,539655,human skin metagenome,4010.D28.S,,,,,,,no,,,,,MURDOCH CHILDRENS RESEARCH INSTITUTE,SRA599826,,public,9A00B37E8F3F6AA930294C8AA81F33F6,21AD84DAE7195F03A95E388D9966D9AB
SRR5940916,2018-02-20 00:08:03,2017-08-17 03:15:23,7187,4326574,7187,602,2,,https://sra-downloadb.be-md.ncbi.nlm.nih.gov/sos12/sra-pub-zq-1214/SRR005/940/SRR5940916.sralite.1,SRX3099402,4010.D8.S,AMPLICON,PCR,METAGENOMIC,PAIRED,0,0,ILLUMINA,Illumina MiSeq,SRP115591,PRJNA398590,2,398590,SRS2435442,SAMN07513599,simple,539655,human skin metagenome,4010.D8.S,,,,,,,no,,,,,MURDOCH CHILDRENS RESEARCH INSTITUTE,SRA599826,,public,549A17F91D9F29701F8CEBA1ABA9647F,A052D33D3B0FDA190008172CF206853E
SRR5940869,2018-02-20 00:08:04,2017-08-17 03:15:04,28456,17118396,28456,601,9,,https://sra-downloadb.be-md.ncbi.nlm.nih.gov/sos12/sra-pub-zq-1214/SRR005/940/SRR5940869.sralite.1,SRX3099449,4012.D0.S,AMPLICON,PCR,METAGENOMIC,PAIRED,0,0,ILLUMINA,Illumina MiSeq,SRP115591,PRJNA398590,2,398590,SRS2435489,SAMN07513600,simple,539655,human skin metagenome,4012.D0.S,,,,,,,no,,,,,MURDOCH CHILDRENS RESEARCH INSTITUTE,SRA599826,,public,4E16683A7538AB0EC85C15FC71634983,BDA5E916A0F2D905815BE72CE68C2A92
SRR5940871,2018-02-20 00:08:04,2017-08-17 03:15:03,31595,19013338,31595,601,10,,https://sra-downloadb.be-md.ncbi.nlm.nih.gov/sos12/sra-pub-zq-1214/SRR005/940/SRR5940871.sralite.1,SRX3099447,4012.D8.S,AMPLICON,PCR,METAGENOMIC,PAIRED,0,0,ILLUMINA,Illumina MiSeq,SRP115591,PRJNA398590,2,398590,SRS2435487,SAMN07513602,simple,539655,human skin metagenome,4012.D8.S,,,,,,,no,,,,,MURDOCH CHILDRENS RESEARCH INSTITUTE,SRA599826,,public,91D475CB499C10321B695F1BD309CE15,0D8576D82E7810B034F3C9FB1C82EF11
SRR5940870,2018-02-20 00:08:04,2017-08-17 03:15:04,27907,16790413,27907,601,9,,https://sra-downloadb.be-md.ncbi.nlm.nih.gov/sos12/sra-pub-zq-1214/SRR005/940/SRR5940870.sralite.1,SRX3099448,4012.D8.U,AMPLICON,PCR,METAGENOMIC,PAIRED,0,0,ILLUMINA,Illumina MiSeq,SRP115591,PRJNA398590,2,398590,SRS2435488,SAMN07513603,simple,646099,human metagenome,4012.D8.U,,,,,,,no,,,,,MURDOCH CHILDRENS RESEARCH INSTITUTE,SRA599826,,public,D8F99B744247C82485887E1FAECA10A2,DBBEE6756C5747FEA52439BDC71AD426
SRR5940865,2018-02-20 00:08:04,2017-08-17 03:15:04,29392,17679623,29392,601,10,,https://sra-downloadb.be-md.ncbi.nlm.nih.gov/sos12/sra-pub-zq-1214/SRR005/940/SRR5940865.sralite.1,SRX3099453,4013.D0.S,AMPLICON,PCR,METAGENOMIC,PAIRED,0,0,ILLUMINA,Illumina MiSeq,SRP115591,PRJNA398590,2,398590,SRS2435493,SAMN07513604,simple,539655,human skin metagenome,4013.D0.S,,,,,,,no,,,,,MURDOCH CHILDRENS RESEARCH INSTITUTE,SRA599826,,public,DA726921EF7770AEE48834D6568FE064,3F5D71C49EF4E4C7747C4FE6AA747F7B
SRR5940864,2018-02-20 00:08:04,2017-08-17 03:15:21,31685,19065674,31685,601,11,,https://sra-downloadb.be-md.ncbi.nlm.nih.gov/sos12/sra-pub-zq-1214/SRR005/940/SRR5940864.sralite.1,SRX3099454,4013.D28.S,AMPLICON,PCR,METAGENOMIC,PAIRED,0,0,ILLUMINA,Illumina MiSeq,SRP115591,PRJNA398590,2,398590,SRS2435494,SAMN07513605,simple,539655,human skin metagenome,4013.D28.S,,,,,,,no,,,,,MURDOCH CHILDRENS RESEARCH INSTITUTE,SRA599826,,public,4BA4A4E61768F28210CD6EFC09842C10,0CB9D78755740C4CAE8C542E80176456
SRR5940867,2018-02-20 00:08:04,2017-08-17 03:15:02,22718,13676236,22718,602,8,,https://sra-downloadb.be-md.ncbi.nlm.nih.gov/sos12/sra-pub-zq-1214/SRR005/940/SRR5940867.sralite.1,SRX3099451,4013.D8.S,AMPLICON,PCR,METAGENOMIC,PAIRED,0,0,ILLUMINA,Illumina MiSeq,SRP115591,PRJNA398590,2,398590,SRS2435491,SAMN07513606,simple,539655,human skin metagenome,4013.D8.S,,,,,,,no,,,,,MURDOCH CHILDRENS RESEARCH INSTITUTE,SRA599826,,public,5E5CE63B8D13D630508D57A5CEC9F4AE,84310085BF847848661A0E353BF32FE7
SRR5940866,2018-02-20 00:08:04,2017-08-17 03:14:52,13028,7842856,13028,602,4,,https://sra-downloadb.be-md.ncbi.nlm.nih.gov/sos12/sra-pub-zq-1214/SRR005/940/SRR5940866.sralite.1,SRX3099452,4014.D0.S,AMPLICON,PCR,METAGENOMIC,PAIRED,0,0,ILLUMINA,Illumina MiSeq,SRP115591,PRJNA398590,2,398590,SRS2435492,SAMN07513607,simple,539655,human skin metagenome,4014.D0.S,,,,,,,no,,,,,MURDOCH CHILDRENS RESEARCH INSTITUTE,SRA599826,,public,2F84FBDEC8FF38DC6F4753FC325274BF,6DAC3D7BED5D26EB38FA5B5047B93CC0
SRR5940873,2018-02-20 00:08:04,2017-08-17 03:15:07,66838,40236476,66838,602,23,,https://sra-downloadb.be-md.ncbi.nlm.nih.gov/sos12/sra-pub-zq-1214/SRR005/940/SRR5940873.sralite.1,SRX3099445,4014.D14.S,AMPLICON,PCR,METAGENOMIC,PAIRED,0,0,ILLUMINA,Illumina MiSeq,SRP115591,PRJNA398590,2,398590,SRS2435485,SAMN07513608,simple,539655,human skin metagenome,4014.D14.S,,,,,,,no,,,,,MURDOCH CHILDRENS RESEARCH INSTITUTE,SRA599826,,public,0031BEC6454C1E3905C46BDBEDB67C25,C816BEBBF1313B3C42BB6D2074615472
SRR5940872,2018-02-20 00:08:04,2017-08-17 03:15:04,28192,16971584,28192,602,10,,https://sra-downloadb.be-md.ncbi.nlm.nih.gov/sos12/sra-pub-zq-1214/SRR005/940/SRR5940872.sralite.1,SRX3099446,4014.D21.S,AMPLICON,PCR,METAGENOMIC,PAIRED,0,0,ILLUMINA,Illumina MiSeq,SRP115591,PRJNA398590,2,398590,SRS2435486,SAMN07513609,simple,539655,human skin metagenome,4014.D21.S,,,,,,,no,,,,,MURDOCH CHILDRENS RESEARCH INSTITUTE,SRA599826,,public,F6D9F27EEDF71BCBFFD900E67F706315,A9E6F4B8A080A31B1E2B94D312122789
SRR5940937,2018-02-20 00:08:02,2017-08-17 03:16:07,27534,16575468,27534,602,10,,https://sra-downloadb.be-md.ncbi.nlm.nih.gov/sos12/sra-pub-zq-1214/SRR005/940/SRR5940937.sralite.1,SRX3099381,3022.D28,AMPLICON,PCR,METAGENOMIC,PAIRED,0,0,ILLUMINA,Illumina MiSeq,SRP115591,PRJNA398590,2,398590,SRS2435421,SAMN07513553,simple,1632839,human vaginal metagenome,3022.D28,,,,,,,no,,,,,MURDOCH CHILDRENS RESEARCH INSTITUTE,SRA599826,,public,2E4D6DB1AA0C596CFB1F8BB2C1AAE623,C7024F6344CF5C1AE1539F8A1816B378
SRR5940922,2018-02-20 00:08:03,2017-08-17 03:15:43,25969,15633338,25969,602,9,,https://sra-downloadb.be-md.ncbi.nlm.nih.gov/sos12/sra-pub-zq-1214/SRR005/940/SRR5940922.sralite.1,SRX3099396,3025.D28,AMPLICON,PCR,METAGENOMIC,PAIRED,0,0,ILLUMINA,Illumina MiSeq,SRP115591,PRJNA398590,2,398590,SRS2435436,SAMN07513560,simple,1632839,human vaginal metagenome,3025.D28,,,,,,,no,,,,,MURDOCH CHILDRENS RESEARCH INSTITUTE,SRA599826,,public,1F9BE2610A939E8C89A3B83453252C7C,123F59B8E417850AFEBB4DB366211290
SRR5940921,2018-02-20 00:08:03,2017-08-17 03:16:04,26983,16243766,26983,602,9,,https://sra-downloadb.be-md.ncbi.nlm.nih.gov/sos12/sra-pub-zq-1214/SRR005/940/SRR5940921.sralite.1,SRX3099397,3025.D8,AMPLICON,PCR,METAGENOMIC,PAIRED,0,0,ILLUMINA,Illumina MiSeq,SRP115591,PRJNA398590,2,398590,SRS2435437,SAMN07513561,simple,1632839,human vaginal metagenome,3025.D8,,,,,,,no,,,,,MURDOCH CHILDRENS RESEARCH INSTITUTE,SRA599826,,public,D77719B48D33196D80500267189AF8FB,9663AC2A8FD57F6C2DD01AAAD1BBC2ED
SRR5940920,2018-02-20 00:08:03,2017-08-17 03:15:48,36048,21700896,36048,602,13,,https://sra-downloadb.be-md.ncbi.nlm.nih.gov/sos12/sra-pub-zq-1214/SRR005/940/SRR5940920.sralite.1,SRX3099398,4001.D0.S,AMPLICON,PCR,METAGENOMIC,PAIRED,0,0,ILLUMINA,Illumina MiSeq,SRP115591,PRJNA398590,2,398590,SRS2435438,SAMN07513562,simple,539655,human skin metagenome,4001.D0.S,,,,,,,no,,,,,MURDOCH CHILDRENS RESEARCH INSTITUTE,SRA599826,,public,44E2EB14F1923D9C2B7B7C7151230CC1,222011DE9A1A64AC194F6971F6F57C66
SRR5940919,2018-02-20 00:08:03,2017-08-17 03:15:46,24399,14688198,24399,602,9,,https://sra-downloadb.be-md.ncbi.nlm.nih.gov/sos12/sra-pub-zq-1214/SRR005/940/SRR5940919.sralite.1,SRX3099399,4001.D0.U,AMPLICON,PCR,METAGENOMIC,PAIRED,0,0,ILLUMINA,Illumina MiSeq,SRP115591,PRJNA398590,2,398590,SRS2435439,SAMN07513563,simple,646099,human metagenome,4001.D0.U,,,,,,,no,,,,,MURDOCH CHILDRENS RESEARCH INSTITUTE,SRA599826,,public,85F03A5359F50D2D01B7936F2E76F864,E17F2C1F94B4C6A7FCDCEA1C37A7116D
SRR5940926,2018-02-20 00:08:03,2017-08-17 03:16:02,32600,19625200,32600,602,11,,https://sra-downloadb.be-md.ncbi.nlm.nih.gov/sos12/sra-pub-zq-1214/SRR005/940/SRR5940926.sralite.1,SRX3099392,4001.D28.S,AMPLICON,PCR,METAGENOMIC,PAIRED,0,0,ILLUMINA,Illumina MiSeq,SRP115591,PRJNA398590,2,398590,SRS2435432,SAMN07513564,simple,539655,human skin metagenome,4001.D28.S,,,,,,,no,,,,,MURDOCH CHILDRENS RESEARCH INSTITUTE,SRA599826,,public,009366709D146EA54E06FEDFD5F40C39,C6B01D1ABFA5828BA19C3D4122E1586C
SRR5940925,2018-02-20 00:08:03,2017-08-17 03:15:56,121173,72946146,121173,602,43,,https://sra-downloadb.be-md.ncbi.nlm.nih.gov/sos12/sra-pub-zq-1214/SRR005/940/SRR5940925.sralite.1,SRX3099393,4001.D8.S,AMPLICON,PCR,METAGENOMIC,PAIRED,0,0,ILLUMINA,Illumina MiSeq,SRP115591,PRJNA398590,2,398590,SRS2435433,SAMN07513565,simple,539655,human skin metagenome,4001.D8.S,,,,,,,no,,,,,MURDOCH CHILDRENS RESEARCH INSTITUTE,SRA599826,,public,87B7D17016C06E59A3B3EBEFB5BA6281,04DBA42A65B61D22706AAED1623075E4
SRR5940923,2018-02-20 00:08:03,2017-08-17 03:15:55,106662,64154886,106662,601,36,,https://sra-downloadb.be-md.ncbi.nlm.nih.gov/sos12/sra-pub-zq-1214/SRR005/940/SRR5940923.sralite.1,SRX3099395,4002.28.S,AMPLICON,PCR,METAGENOMIC,PAIRED,0,0,ILLUMINA,Illumina MiSeq,SRP115591,PRJNA398590,2,398590,SRS2435435,SAMN07513567,simple,539655,human skin metagenome,4002.28.S,,,,,,,no,,,,,MURDOCH CHILDRENS RESEARCH INSTITUTE,SRA599826,,public,67F5D1428F15DBB0BC2ACA03AB5BD84C,642D73424762B6B998930BCBF8BF491C
SRR5940924,2018-02-20 00:08:03,2017-08-17 03:15:57,131985,79358058,131985,601,45,,https://sra-downloadb.be-md.ncbi.nlm.nih.gov/sos12/sra-pub-zq-1214/SRR005/940/SRR5940924.sralite.1,SRX3099394,4002.D0.S,AMPLICON,PCR,METAGENOMIC,PAIRED,0,0,ILLUMINA,Illumina MiSeq,SRP115591,PRJNA398590,2,398590,SRS2435434,SAMN07513566,simple,539655,human skin metagenome,4002.D0.S,,,,,,,no,,,,,MURDOCH CHILDRENS RESEARCH INSTITUTE,SRA599826,,public,7334749CFBA41110F0E0FF9E9FAF049B,A4C34F737CE3EB3CF7AD032375E6C2E0
SRR5940918,2018-02-20 00:08:03,2017-08-17 03:15:55,136757,82230982,136757,601,46,,https://sra-downloadb.be-md.ncbi.nlm.nih.gov/sos12/sra-pub-zq-1214/SRR005/940/SRR5940918.sralite.1,SRX3099400,4002.D8.S,AMPLICON,PCR,METAGENOMIC,PAIRED,0,0,ILLUMINA,Illumina MiSeq,SRP115591,PRJNA398590,2,398590,SRS2435440,SAMN07513568,simple,539655,human skin metagenome,4002.D8.S,,,,,,,no,,,,,MURDOCH CHILDRENS RESEARCH INSTITUTE,SRA599826,,public,46CC37A69AB932AA3BE130D919796707,03FE2FDCAAB04E93513FFA5CA53EB481
SRR5940931,2018-02-20 00:08:02,2017-08-17 03:15:58,45155,27127109,45155,600,15,,https://sra-downloadb.be-md.ncbi.nlm.nih.gov/sos12/sra-pub-zq-1214/SRR005/940/SRR5940931.sralite.1,SRX3099387,4003.D28.S,AMPLICON,PCR,METAGENOMIC,PAIRED,0,0,ILLUMINA,Illumina MiSeq,SRP115591,PRJNA398590,2,398590,SRS2435427,SAMN07513570,simple,539655,human skin metagenome,4003.D28.S,,,,,,,no,,,,,MURDOCH CHILDRENS RESEARCH INSTITUTE,SRA599826,,public,60033845669831861ED8D14EA6C770BA,463B278EF49778F928D27B58B464D97A
SRR5940932,2018-02-20 00:08:02,2017-08-17 03:16:03,34272,20613315,34272,601,11,,https://sra-downloadb.be-md.ncbi.nlm.nih.gov/sos12/sra-pub-zq-1214/SRR005/940/SRR5940932.sralite.1,SRX3099386,4003.D28.U,AMPLICON,PCR,METAGENOMIC,PAIRED,0,0,ILLUMINA,Illumina MiSeq,SRP115591,PRJNA398590,2,398590,SRS2435426,SAMN07513571,simple,646099,human metagenome,4003.D28.U,,,,,,,no,,,,,MURDOCH CHILDRENS RESEARCH INSTITUTE,SRA599826,,public,BC2391C6F9A732918C0B44D459FA7C57,AC0A7F34D8E799B5086714CF7E839B23
SRR5940933,2018-02-20 00:08:02,2017-08-17 03:16:04,35486,21338956,35486,601,12,,https://sra-downloadb.be-md.ncbi.nlm.nih.gov/sos12/sra-pub-zq-1214/SRR005/940/SRR5940933.sralite.1,SRX3099385,4003.D8.S,AMPLICON,PCR,METAGENOMIC,PAIRED,0,0,ILLUMINA,Illumina MiSeq,SRP115591,PRJNA398590,2,398590,SRS2435425,SAMN07513572,simple,539655,human skin metagenome,4003.D8.S,,,,,,,no,,,,,MURDOCH CHILDRENS RESEARCH INSTITUTE,SRA599826,,public,DCEEDB01EE0452916A84F0659B60C174,AEA7D34E815D40D3DFFB8A975DC377B3
SRR5940934,2018-02-20 00:08:02,2017-08-17 03:16:08,35995,21659613,35995,601,12,,https://sra-downloadb.be-md.ncbi.nlm.nih.gov/sos12/sra-pub-zq-1214/SRR005/940/SRR5940934.sralite.1,SRX3099384,4003.D8.U,AMPLICON,PCR,METAGENOMIC,PAIRED,0,0,ILLUMINA,Illumina MiSeq,SRP115591,PRJNA398590,2,398590,SRS2435424,SAMN07513573,simple,646099,human metagenome,4003.D8.U,,,,,,,no,,,,,MURDOCH CHILDRENS RESEARCH INSTITUTE,SRA599826,,public,4F4BC3DE252A8AB052DEF8651FF15A0B,86A8FF429C91D79407454AAE59F02288
SRR5940927,2018-02-20 00:08:03,2017-08-17 03:15:57,34025,20434987,34025,600,11,,https://sra-downloadb.be-md.ncbi.nlm.nih.gov/sos12/sra-pub-zq-1214/SRR005/940/SRR5940927.sralite.1,SRX3099391,4004.D0.S,AMPLICON,PCR,METAGENOMIC,PAIRED,0,0,ILLUMINA,Illumina MiSeq,SRP115591,PRJNA398590,2,398590,SRS2435431,SAMN07513574,simple,539655,human skin metagenome,4004.D0.S,,,,,,,no,,,,,MURDOCH CHILDRENS RESEARCH INSTITUTE,SRA599826,,public,5D064D5FE2C3B6B9B9E01C22C1D93DF4,19CC479F52694A241F128414E9D666CA
SRR5940928,2018-02-20 00:08:03,2017-08-17 03:15:58,33130,19910731,33130,600,11,,https://sra-downloadb.be-md.ncbi.nlm.nih.gov/sos12/sra-pub-zq-1214/SRR005/940/SRR5940928.sralite.1,SRX3099390,4004.D14.S,AMPLICON,PCR,METAGENOMIC,PAIRED,0,0,ILLUMINA,Illumina MiSeq,SRP115591,PRJNA398590,2,398590,SRS2435430,SAMN07513575,simple,539655,human skin metagenome,4004.D14.S,,,,,,,no,,,,,MURDOCH CHILDRENS RESEARCH INSTITUTE,SRA599826,,public,0F809E951501BDA127F7C70078B3E1D7,88EE37C918F53FB7EBC8FD1DA2EB7495
SRR5940929,2018-02-20 00:08:02,2017-08-17 03:15:56,35384,21270385,35384,601,12,,https://sra-downloadb.be-md.ncbi.nlm.nih.gov/sos12/sra-pub-zq-1214/SRR005/940/SRR5940929.sralite.1,SRX3099389,4004.D28.S,AMPLICON,PCR,METAGENOMIC,PAIRED,0,0,ILLUMINA,Illumina MiSeq,SRP115591,PRJNA398590,2,398590,SRS2435429,SAMN07513576,simple,539655,human skin metagenome,4004.D28.S,,,,,,,no,,,,,MURDOCH CHILDRENS RESEARCH INSTITUTE,SRA599826,,public,0D92BDCEF53DA8F05A42DD3700288BAF,E73DF0BE9087FE681304C6109E1C59A3
SRR5940930,2018-02-20 00:08:02,2017-08-17 03:16:03,25649,15428192,25649,601,8,,https://sra-downloadb.be-md.ncbi.nlm.nih.gov/sos12/sra-pub-zq-1214/SRR005/940/SRR5940930.sralite.1,SRX3099388,4004.D28.U,AMPLICON,PCR,METAGENOMIC,PAIRED,0,0,ILLUMINA,Illumina MiSeq,SRP115591,PRJNA398590,2,398590,SRS2435428,SAMN07513577,simple,646099,human metagenome,4004.D28.U,,,,,,,no,,,,,MURDOCH CHILDRENS RESEARCH INSTITUTE,SRA599826,,public,39FF09833B9BBE2FB0AF0EF0C4ADB42B,DF28053E79E5D109116ACD3A2C72060C
SRR5940935,2018-02-20 00:08:02,2017-08-17 03:16:01,23122,13899509,23122,601,7,,https://sra-downloadb.be-md.ncbi.nlm.nih.gov/sos12/sra-pub-zq-1214/SRR005/940/SRR5940935.sralite.1,SRX3099383,4004.D8.S,AMPLICON,PCR,METAGENOMIC,PAIRED,0,0,ILLUMINA,Illumina MiSeq,SRP115591,PRJNA398590,2,398590,SRS2435423,SAMN07513578,simple,539655,human skin metagenome,4004.D8.S,,,,,,,no,,,,,MURDOCH CHILDRENS RESEARCH INSTITUTE,SRA599826,,public,5AADCFD01B0C60200BC3815430CDB06C,3A7B88FCC9CA22B812109BD26F920BB9
SRR5940936,2018-02-20 00:08:02,2017-08-17 03:16:08,24160,14537096,24160,601,8,,https://sra-downloadb.be-md.ncbi.nlm.nih.gov/sos12/sra-pub-zq-1214/SRR005/940/SRR5940936.sralite.1,SRX3099382,4004.D8.U,AMPLICON,PCR,METAGENOMIC,PAIRED,0,0,ILLUMINA,Illumina MiSeq,SRP115591,PRJNA398590,2,398590,SRS2435422,SAMN07513579,simple,646099,human metagenome,4004.D8.U,,,,,,,no,,,,,MURDOCH CHILDRENS RESEARCH INSTITUTE,SRA599826,,public,DA2EA4A55176B2677D0C06371A637C33,95E54534911E0FF0DA1E67A31196F922
